pred,filename
9,/food11/testing/0664.jpg
8,/food11/testing/1269.jpg
1,/food11/testing/2193.jpg
5,/food11/testing/0733.jpg
9,/food11/testing/2008.jpg
4,/food11/testing/2081.jpg
6,/food11/testing/0106.jpg
6,/food11/testing/0375.jpg
2,/food11/testing/3138.jpg
4,/food11/testing/1700.jpg
0,/food11/testing/1786.jpg
10,/food11/testing/2907.jpg
2,/food11/testing/1075.jpg
0,/food11/testing/2863.jpg
4,/food11/testing/2628.jpg
2,/food11/testing/0285.jpg
4,/food11/testing/3228.jpg
9,/food11/testing/1789.jpg
4,/food11/testing/0591.jpg
9,/food11/testing/1792.jpg
2,/food11/testing/0799.jpg
3,/food11/testing/2936.jpg
6,/food11/testing/2029.jpg
4,/food11/testing/1411.jpg
9,/food11/testing/0074.jpg
4,/food11/testing/1031.jpg
7,/food11/testing/1833.jpg
5,/food11/testing/2675.jpg
9,/food11/testing/0077.jpg
5,/food11/testing/0498.jpg
9,/food11/testing/2172.jpg
9,/food11/testing/1749.jpg
5,/food11/testing/0610.jpg
6,/food11/testing/1501.jpg
0,/food11/testing/2021.jpg
10,/food11/testing/1995.jpg
4,/food11/testing/1385.jpg
9,/food11/testing/0617.jpg
4,/food11/testing/2278.jpg
4,/food11/testing/1971.jpg
3,/food11/testing/1383.jpg
8,/food11/testing/1354.jpg
9,/food11/testing/1024.jpg
3,/food11/testing/3014.jpg
6,/food11/testing/0426.jpg
2,/food11/testing/2375.jpg
9,/food11/testing/1626.jpg
0,/food11/testing/0989.jpg
9,/food11/testing/0235.jpg
4,/food11/testing/0273.jpg
3,/food11/testing/0307.jpg
10,/food11/testing/1711.jpg
2,/food11/testing/0444.jpg
1,/food11/testing/1339.jpg
6,/food11/testing/0058.jpg
5,/food11/testing/2532.jpg
6,/food11/testing/0748.jpg
0,/food11/testing/0255.jpg
2,/food11/testing/1161.jpg
3,/food11/testing/2262.jpg
4,/food11/testing/2213.jpg
7,/food11/testing/1940.jpg
9,/food11/testing/1777.jpg
4,/food11/testing/1380.jpg
9,/food11/testing/2057.jpg
5,/food11/testing/1009.jpg
10,/food11/testing/0128.jpg
6,/food11/testing/3295.jpg
5,/food11/testing/2094.jpg
5,/food11/testing/1157.jpg
8,/food11/testing/2302.jpg
9,/food11/testing/2695.jpg
0,/food11/testing/1304.jpg
5,/food11/testing/1340.jpg
3,/food11/testing/1760.jpg
4,/food11/testing/2028.jpg
2,/food11/testing/1173.jpg
8,/food11/testing/1790.jpg
6,/food11/testing/2137.jpg
2,/food11/testing/2654.jpg
7,/food11/testing/1650.jpg
0,/food11/testing/1211.jpg
1,/food11/testing/3310.jpg
5,/food11/testing/3209.jpg
9,/food11/testing/2319.jpg
0,/food11/testing/0700.jpg
0,/food11/testing/1488.jpg
5,/food11/testing/0364.jpg
0,/food11/testing/1862.jpg
5,/food11/testing/1167.jpg
9,/food11/testing/1644.jpg
9,/food11/testing/1539.jpg
2,/food11/testing/2640.jpg
3,/food11/testing/3330.jpg
9,/food11/testing/2844.jpg
3,/food11/testing/1355.jpg
3,/food11/testing/0798.jpg
2,/food11/testing/2899.jpg
0,/food11/testing/0246.jpg
9,/food11/testing/2041.jpg
6,/food11/testing/1565.jpg
2,/food11/testing/1409.jpg
0,/food11/testing/1222.jpg
2,/food11/testing/1154.jpg
1,/food11/testing/0337.jpg
10,/food11/testing/0208.jpg
2,/food11/testing/0680.jpg
4,/food11/testing/1840.jpg
6,/food11/testing/3207.jpg
4,/food11/testing/0834.jpg
8,/food11/testing/2580.jpg
6,/food11/testing/3280.jpg
1,/food11/testing/0861.jpg
1,/food11/testing/1124.jpg
2,/food11/testing/1395.jpg
2,/food11/testing/2363.jpg
4,/food11/testing/0141.jpg
0,/food11/testing/1459.jpg
10,/food11/testing/2704.jpg
4,/food11/testing/2003.jpg
3,/food11/testing/0742.jpg
8,/food11/testing/0781.jpg
9,/food11/testing/0474.jpg
5,/food11/testing/0372.jpg
5,/food11/testing/2000.jpg
9,/food11/testing/1055.jpg
2,/food11/testing/2560.jpg
4,/food11/testing/0933.jpg
2,/food11/testing/0970.jpg
6,/food11/testing/0327.jpg
0,/food11/testing/2753.jpg
10,/food11/testing/1548.jpg
2,/food11/testing/3198.jpg
2,/food11/testing/0932.jpg
8,/food11/testing/3322.jpg
5,/food11/testing/1934.jpg
4,/food11/testing/1794.jpg
9,/food11/testing/1715.jpg
3,/food11/testing/0053.jpg
0,/food11/testing/2953.jpg
8,/food11/testing/2279.jpg
10,/food11/testing/1026.jpg
10,/food11/testing/2866.jpg
2,/food11/testing/0165.jpg
5,/food11/testing/0355.jpg
9,/food11/testing/3221.jpg
2,/food11/testing/2182.jpg
10,/food11/testing/1936.jpg
2,/food11/testing/0520.jpg
9,/food11/testing/1162.jpg
7,/food11/testing/0203.jpg
4,/food11/testing/0006.jpg
4,/food11/testing/3195.jpg
2,/food11/testing/2067.jpg
0,/food11/testing/0543.jpg
8,/food11/testing/2558.jpg
10,/food11/testing/0705.jpg
6,/food11/testing/0095.jpg
3,/food11/testing/2571.jpg
6,/food11/testing/1834.jpg
2,/food11/testing/2749.jpg
1,/food11/testing/2397.jpg
9,/food11/testing/2526.jpg
0,/food11/testing/1484.jpg
0,/food11/testing/3064.jpg
0,/food11/testing/2751.jpg
8,/food11/testing/1920.jpg
5,/food11/testing/0959.jpg
10,/food11/testing/2748.jpg
8,/food11/testing/1702.jpg
10,/food11/testing/2510.jpg
5,/food11/testing/1010.jpg
5,/food11/testing/2743.jpg
0,/food11/testing/2852.jpg
4,/food11/testing/1451.jpg
9,/food11/testing/2719.jpg
10,/food11/testing/2486.jpg
2,/food11/testing/1025.jpg
4,/food11/testing/2444.jpg
3,/food11/testing/3085.jpg
2,/food11/testing/1343.jpg
7,/food11/testing/1579.jpg
2,/food11/testing/1774.jpg
2,/food11/testing/2403.jpg
3,/food11/testing/0801.jpg
5,/food11/testing/0070.jpg
9,/food11/testing/2626.jpg
2,/food11/testing/2982.jpg
8,/food11/testing/0436.jpg
1,/food11/testing/0155.jpg
8,/food11/testing/0710.jpg
8,/food11/testing/2716.jpg
9,/food11/testing/3260.jpg
2,/food11/testing/0559.jpg
3,/food11/testing/0092.jpg
2,/food11/testing/1473.jpg
9,/food11/testing/0057.jpg
6,/food11/testing/2178.jpg
4,/food11/testing/0450.jpg
4,/food11/testing/1669.jpg
9,/food11/testing/0699.jpg
2,/food11/testing/2673.jpg
2,/food11/testing/1815.jpg
4,/food11/testing/0814.jpg
3,/food11/testing/2643.jpg
0,/food11/testing/0240.jpg
10,/food11/testing/1746.jpg
9,/food11/testing/2271.jpg
5,/food11/testing/0044.jpg
5,/food11/testing/2517.jpg
2,/food11/testing/1905.jpg
0,/food11/testing/0862.jpg
2,/food11/testing/2087.jpg
3,/food11/testing/1058.jpg
9,/food11/testing/0078.jpg
4,/food11/testing/1498.jpg
2,/food11/testing/1166.jpg
5,/food11/testing/1812.jpg
4,/food11/testing/1601.jpg
6,/food11/testing/3010.jpg
2,/food11/testing/1443.jpg
0,/food11/testing/2174.jpg
7,/food11/testing/0091.jpg
2,/food11/testing/2997.jpg
5,/food11/testing/3323.jpg
6,/food11/testing/0533.jpg
1,/food11/testing/2150.jpg
6,/food11/testing/0506.jpg
0,/food11/testing/0011.jpg
8,/food11/testing/2394.jpg
9,/food11/testing/1559.jpg
9,/food11/testing/2809.jpg
9,/food11/testing/2530.jpg
5,/food11/testing/2922.jpg
9,/food11/testing/1101.jpg
6,/food11/testing/0714.jpg
8,/food11/testing/2897.jpg
2,/food11/testing/0654.jpg
2,/food11/testing/2789.jpg
4,/food11/testing/1327.jpg
2,/food11/testing/1781.jpg
3,/food11/testing/3318.jpg
6,/food11/testing/0404.jpg
2,/food11/testing/1097.jpg
8,/food11/testing/2552.jpg
9,/food11/testing/3011.jpg
2,/food11/testing/0171.jpg
10,/food11/testing/1376.jpg
10,/food11/testing/2655.jpg
10,/food11/testing/0841.jpg
9,/food11/testing/3164.jpg
2,/food11/testing/2204.jpg
9,/food11/testing/0410.jpg
0,/food11/testing/0871.jpg
4,/food11/testing/0622.jpg
5,/food11/testing/2573.jpg
2,/food11/testing/0184.jpg
5,/food11/testing/1297.jpg
1,/food11/testing/2011.jpg
4,/food11/testing/2131.jpg
5,/food11/testing/1478.jpg
6,/food11/testing/2471.jpg
8,/food11/testing/1413.jpg
8,/food11/testing/1604.jpg
0,/food11/testing/2476.jpg
7,/food11/testing/2984.jpg
4,/food11/testing/2928.jpg
2,/food11/testing/0056.jpg
9,/food11/testing/2470.jpg
5,/food11/testing/2608.jpg
9,/food11/testing/0019.jpg
10,/food11/testing/2595.jpg
4,/food11/testing/1129.jpg
2,/food11/testing/0008.jpg
8,/food11/testing/2501.jpg
10,/food11/testing/2323.jpg
9,/food11/testing/2627.jpg
3,/food11/testing/1655.jpg
0,/food11/testing/0934.jpg
8,/food11/testing/2795.jpg
8,/food11/testing/1144.jpg
5,/food11/testing/0318.jpg
2,/food11/testing/1716.jpg
2,/food11/testing/3037.jpg
2,/food11/testing/3305.jpg
9,/food11/testing/3284.jpg
8,/food11/testing/3243.jpg
3,/food11/testing/2282.jpg
2,/food11/testing/3302.jpg
2,/food11/testing/0154.jpg
4,/food11/testing/2698.jpg
9,/food11/testing/0429.jpg
7,/food11/testing/1032.jpg
8,/food11/testing/3218.jpg
0,/food11/testing/2338.jpg
10,/food11/testing/2460.jpg
8,/food11/testing/2902.jpg
9,/food11/testing/3058.jpg
6,/food11/testing/1709.jpg
9,/food11/testing/0116.jpg
5,/food11/testing/2998.jpg
2,/food11/testing/2725.jpg
9,/food11/testing/2625.jpg
9,/food11/testing/2505.jpg
2,/food11/testing/0647.jpg
8,/food11/testing/0958.jpg
3,/food11/testing/0917.jpg
6,/food11/testing/2020.jpg
9,/food11/testing/1125.jpg
9,/food11/testing/1331.jpg
6,/food11/testing/3242.jpg
0,/food11/testing/2587.jpg
4,/food11/testing/0061.jpg
10,/food11/testing/0879.jpg
9,/food11/testing/3298.jpg
2,/food11/testing/0431.jpg
10,/food11/testing/2457.jpg
8,/food11/testing/2537.jpg
8,/food11/testing/2633.jpg
3,/food11/testing/0875.jpg
9,/food11/testing/3114.jpg
10,/food11/testing/1424.jpg
0,/food11/testing/3303.jpg
2,/food11/testing/2842.jpg
9,/food11/testing/0082.jpg
7,/food11/testing/2186.jpg
4,/food11/testing/3288.jpg
0,/food11/testing/3030.jpg
4,/food11/testing/1037.jpg
2,/food11/testing/0817.jpg
4,/food11/testing/1089.jpg
9,/food11/testing/0663.jpg
9,/food11/testing/1136.jpg
1,/food11/testing/2091.jpg
3,/food11/testing/3179.jpg
9,/food11/testing/2890.jpg
9,/food11/testing/1171.jpg
8,/food11/testing/1387.jpg
9,/food11/testing/2564.jpg
3,/food11/testing/1744.jpg
5,/food11/testing/1391.jpg
1,/food11/testing/1795.jpg
0,/food11/testing/2475.jpg
3,/food11/testing/3016.jpg
5,/food11/testing/3109.jpg
10,/food11/testing/0856.jpg
2,/food11/testing/2555.jpg
2,/food11/testing/2596.jpg
9,/food11/testing/3215.jpg
6,/food11/testing/2168.jpg
4,/food11/testing/1134.jpg
5,/food11/testing/3119.jpg
1,/food11/testing/1389.jpg
0,/food11/testing/1475.jpg
2,/food11/testing/2237.jpg
9,/food11/testing/0207.jpg
3,/food11/testing/0626.jpg
5,/food11/testing/1554.jpg
3,/food11/testing/2139.jpg
9,/food11/testing/1243.jpg
4,/food11/testing/3017.jpg
5,/food11/testing/3122.jpg
10,/food11/testing/1499.jpg
7,/food11/testing/2993.jpg
9,/food11/testing/2782.jpg
8,/food11/testing/0178.jpg
5,/food11/testing/0107.jpg
8,/food11/testing/2812.jpg
5,/food11/testing/2681.jpg
0,/food11/testing/2718.jpg
9,/food11/testing/2417.jpg
10,/food11/testing/1002.jpg
10,/food11/testing/2391.jpg
7,/food11/testing/1172.jpg
4,/food11/testing/0887.jpg
8,/food11/testing/2980.jpg
9,/food11/testing/0067.jpg
0,/food11/testing/1527.jpg
5,/food11/testing/2696.jpg
9,/food11/testing/2874.jpg
6,/food11/testing/2183.jpg
4,/food11/testing/0027.jpg
0,/food11/testing/2386.jpg
6,/food11/testing/0883.jpg
0,/food11/testing/2500.jpg
5,/food11/testing/1845.jpg
0,/food11/testing/3264.jpg
3,/food11/testing/0548.jpg
5,/food11/testing/0888.jpg
3,/food11/testing/2228.jpg
0,/food11/testing/2033.jpg
2,/food11/testing/0755.jpg
9,/food11/testing/1401.jpg
2,/food11/testing/2592.jpg
0,/food11/testing/2964.jpg
5,/food11/testing/0502.jpg
5,/food11/testing/1041.jpg
0,/food11/testing/1196.jpg
4,/food11/testing/0076.jpg
9,/food11/testing/3110.jpg
2,/food11/testing/2214.jpg
3,/food11/testing/2232.jpg
6,/food11/testing/0098.jpg
2,/food11/testing/1312.jpg
5,/food11/testing/2495.jpg
8,/food11/testing/3117.jpg
3,/food11/testing/2694.jpg
1,/food11/testing/1648.jpg
2,/food11/testing/0175.jpg
0,/food11/testing/2878.jpg
3,/food11/testing/2089.jpg
3,/food11/testing/1778.jpg
10,/food11/testing/0901.jpg
6,/food11/testing/1071.jpg
4,/food11/testing/1575.jpg
5,/food11/testing/2503.jpg
8,/food11/testing/1336.jpg
5,/food11/testing/2840.jpg
9,/food11/testing/0403.jpg
5,/food11/testing/2869.jpg
6,/food11/testing/3141.jpg
10,/food11/testing/3202.jpg
3,/food11/testing/0727.jpg
10,/food11/testing/0963.jpg
1,/food11/testing/2703.jpg
1,/food11/testing/1569.jpg
8,/food11/testing/2270.jpg
4,/food11/testing/2515.jpg
6,/food11/testing/1680.jpg
0,/food11/testing/0331.jpg
9,/food11/testing/1019.jpg
2,/food11/testing/0026.jpg
4,/food11/testing/2981.jpg
5,/food11/testing/0021.jpg
8,/food11/testing/0181.jpg
0,/food11/testing/0145.jpg
5,/food11/testing/2974.jpg
8,/food11/testing/2451.jpg
8,/food11/testing/1727.jpg
7,/food11/testing/0991.jpg
9,/food11/testing/3142.jpg
8,/food11/testing/2642.jpg
5,/food11/testing/0252.jpg
0,/food11/testing/0729.jpg
8,/food11/testing/0791.jpg
5,/food11/testing/2688.jpg
5,/food11/testing/0674.jpg
9,/food11/testing/2196.jpg
8,/food11/testing/2784.jpg
6,/food11/testing/2645.jpg
9,/food11/testing/1371.jpg
4,/food11/testing/2431.jpg
0,/food11/testing/1168.jpg
8,/food11/testing/2925.jpg
8,/food11/testing/2035.jpg
4,/food11/testing/1677.jpg
9,/food11/testing/0882.jpg
2,/food11/testing/3331.jpg
8,/food11/testing/1076.jpg
5,/food11/testing/1183.jpg
5,/food11/testing/0542.jpg
9,/food11/testing/2900.jpg
10,/food11/testing/0601.jpg
8,/food11/testing/3257.jpg
8,/food11/testing/1268.jpg
10,/food11/testing/0943.jpg
9,/food11/testing/1603.jpg
7,/food11/testing/2661.jpg
0,/food11/testing/2079.jpg
5,/food11/testing/2312.jpg
8,/food11/testing/0302.jpg
8,/food11/testing/0065.jpg
5,/food11/testing/0899.jpg
0,/food11/testing/0564.jpg
10,/food11/testing/2211.jpg
0,/food11/testing/1660.jpg
5,/food11/testing/1755.jpg
2,/food11/testing/2624.jpg
5,/food11/testing/1118.jpg
6,/food11/testing/0500.jpg
0,/food11/testing/2125.jpg
5,/food11/testing/2159.jpg
9,/food11/testing/1592.jpg
8,/food11/testing/2683.jpg
7,/food11/testing/2113.jpg
8,/food11/testing/1108.jpg
5,/food11/testing/1571.jpg
4,/food11/testing/2332.jpg
2,/food11/testing/2616.jpg
5,/food11/testing/0573.jpg
5,/food11/testing/2097.jpg
2,/food11/testing/2286.jpg
5,/food11/testing/0773.jpg
2,/food11/testing/1018.jpg
0,/food11/testing/2952.jpg
1,/food11/testing/0140.jpg
3,/food11/testing/0952.jpg
10,/food11/testing/0808.jpg
5,/food11/testing/2944.jpg
9,/food11/testing/0079.jpg
8,/food11/testing/3333.jpg
6,/food11/testing/3066.jpg
3,/food11/testing/0271.jpg
3,/food11/testing/0005.jpg
3,/food11/testing/2512.jpg
3,/food11/testing/2051.jpg
9,/food11/testing/1827.jpg
10,/food11/testing/1873.jpg
5,/food11/testing/0581.jpg
2,/food11/testing/0042.jpg
7,/food11/testing/3245.jpg
5,/food11/testing/0490.jpg
2,/food11/testing/1078.jpg
5,/food11/testing/2109.jpg
3,/food11/testing/0405.jpg
3,/food11/testing/3077.jpg
5,/food11/testing/2756.jpg
2,/food11/testing/3128.jpg
2,/food11/testing/2727.jpg
4,/food11/testing/0599.jpg
0,/food11/testing/0323.jpg
6,/food11/testing/2235.jpg
8,/food11/testing/0433.jpg
2,/food11/testing/1241.jpg
0,/food11/testing/0000.jpg
2,/food11/testing/1191.jpg
5,/food11/testing/1295.jpg
1,/food11/testing/2951.jpg
7,/food11/testing/0794.jpg
0,/food11/testing/1366.jpg
2,/food11/testing/3285.jpg
4,/food11/testing/3339.jpg
8,/food11/testing/0684.jpg
4,/food11/testing/0415.jpg
4,/food11/testing/0040.jpg
2,/food11/testing/2400.jpg
0,/food11/testing/0094.jpg
10,/food11/testing/0289.jpg
10,/food11/testing/0387.jpg
5,/food11/testing/2920.jpg
5,/food11/testing/2641.jpg
10,/food11/testing/1067.jpg
9,/food11/testing/1359.jpg
9,/food11/testing/3226.jpg
2,/food11/testing/0859.jpg
9,/food11/testing/2636.jpg
6,/food11/testing/0661.jpg
0,/food11/testing/2294.jpg
2,/food11/testing/1846.jpg
3,/food11/testing/0132.jpg
7,/food11/testing/2016.jpg
2,/food11/testing/0819.jpg
2,/food11/testing/2195.jpg
8,/food11/testing/2347.jpg
2,/food11/testing/0594.jpg
9,/food11/testing/2185.jpg
5,/food11/testing/1200.jpg
10,/food11/testing/1330.jpg
5,/food11/testing/2181.jpg
8,/food11/testing/2346.jpg
9,/food11/testing/1820.jpg
2,/food11/testing/0541.jpg
10,/food11/testing/0380.jpg
3,/food11/testing/0386.jpg
3,/food11/testing/0369.jpg
10,/food11/testing/0857.jpg
0,/food11/testing/1895.jpg
5,/food11/testing/1706.jpg
5,/food11/testing/0648.jpg
2,/food11/testing/2376.jpg
3,/food11/testing/0439.jpg
3,/food11/testing/1944.jpg
8,/food11/testing/1688.jpg
9,/food11/testing/2810.jpg
8,/food11/testing/1584.jpg
2,/food11/testing/2697.jpg
3,/food11/testing/1288.jpg
5,/food11/testing/1878.jpg
9,/food11/testing/2671.jpg
2,/food11/testing/2811.jpg
5,/food11/testing/3148.jpg
3,/food11/testing/3344.jpg
3,/food11/testing/3040.jpg
9,/food11/testing/0247.jpg
7,/food11/testing/3204.jpg
2,/food11/testing/3308.jpg
3,/food11/testing/1708.jpg
2,/food11/testing/2881.jpg
3,/food11/testing/1123.jpg
7,/food11/testing/0646.jpg
7,/food11/testing/2361.jpg
0,/food11/testing/0577.jpg
4,/food11/testing/2650.jpg
8,/food11/testing/1310.jpg
3,/food11/testing/1738.jpg
5,/food11/testing/1197.jpg
10,/food11/testing/0423.jpg
4,/food11/testing/3025.jpg
2,/food11/testing/0475.jpg
8,/food11/testing/0555.jpg
9,/food11/testing/2112.jpg
5,/food11/testing/0653.jpg
0,/food11/testing/1094.jpg
9,/food11/testing/0517.jpg
1,/food11/testing/0889.jpg
9,/food11/testing/1080.jpg
3,/food11/testing/0424.jpg
8,/food11/testing/1235.jpg
9,/food11/testing/3255.jpg
2,/food11/testing/0226.jpg
2,/food11/testing/0282.jpg
0,/food11/testing/0886.jpg
2,/food11/testing/0009.jpg
3,/food11/testing/2850.jpg
5,/food11/testing/1997.jpg
10,/food11/testing/2340.jpg
3,/food11/testing/0762.jpg
2,/food11/testing/2257.jpg
9,/food11/testing/1160.jpg
0,/food11/testing/2730.jpg
8,/food11/testing/0432.jpg
2,/food11/testing/0438.jpg
5,/food11/testing/1318.jpg
3,/food11/testing/3306.jpg
6,/food11/testing/0956.jpg
3,/food11/testing/0023.jpg
8,/food11/testing/1206.jpg
0,/food11/testing/2591.jpg
0,/food11/testing/0787.jpg
6,/food11/testing/2770.jpg
0,/food11/testing/2162.jpg
9,/food11/testing/2541.jpg
0,/food11/testing/3099.jpg
1,/food11/testing/1799.jpg
9,/food11/testing/1808.jpg
0,/food11/testing/0596.jpg
5,/food11/testing/2334.jpg
8,/food11/testing/0706.jpg
4,/food11/testing/1549.jpg
10,/food11/testing/1091.jpg
8,/food11/testing/2019.jpg
9,/food11/testing/1580.jpg
10,/food11/testing/0046.jpg
3,/food11/testing/1710.jpg
9,/food11/testing/3084.jpg
8,/food11/testing/1551.jpg
6,/food11/testing/1012.jpg
7,/food11/testing/1471.jpg
10,/food11/testing/0535.jpg
1,/food11/testing/0927.jpg
9,/food11/testing/0527.jpg
3,/food11/testing/0320.jpg
10,/food11/testing/0688.jpg
9,/food11/testing/0583.jpg
8,/food11/testing/1582.jpg
0,/food11/testing/0826.jpg
1,/food11/testing/1629.jpg
0,/food11/testing/0921.jpg
8,/food11/testing/0849.jpg
2,/food11/testing/0279.jpg
10,/food11/testing/0789.jpg
9,/food11/testing/2896.jpg
9,/food11/testing/0146.jpg
4,/food11/testing/1328.jpg
8,/food11/testing/1034.jpg
5,/food11/testing/0768.jpg
4,/food11/testing/1048.jpg
3,/food11/testing/1562.jpg
6,/food11/testing/2352.jpg
5,/food11/testing/1673.jpg
0,/food11/testing/1947.jpg
4,/food11/testing/2392.jpg
1,/food11/testing/3047.jpg
10,/food11/testing/0237.jpg
0,/food11/testing/0268.jpg
2,/food11/testing/1933.jpg
5,/food11/testing/0973.jpg
3,/food11/testing/2958.jpg
4,/food11/testing/1084.jpg
5,/food11/testing/1987.jpg
7,/food11/testing/2128.jpg
2,/food11/testing/3247.jpg
8,/food11/testing/2547.jpg
2,/food11/testing/1985.jpg
8,/food11/testing/1634.jpg
8,/food11/testing/3296.jpg
3,/food11/testing/1919.jpg
9,/food11/testing/0377.jpg
6,/food11/testing/3012.jpg
1,/food11/testing/2778.jpg
4,/food11/testing/0694.jpg
4,/food11/testing/0780.jpg
8,/food11/testing/0292.jpg
8,/food11/testing/1289.jpg
8,/food11/testing/2149.jpg
0,/food11/testing/3149.jpg
0,/food11/testing/1146.jpg
2,/food11/testing/1095.jpg
3,/food11/testing/1329.jpg
5,/food11/testing/2258.jpg
2,/food11/testing/2227.jpg
9,/food11/testing/1762.jpg
8,/food11/testing/0922.jpg
0,/food11/testing/1912.jpg
2,/food11/testing/0579.jpg
8,/food11/testing/0055.jpg
0,/food11/testing/2458.jpg
0,/food11/testing/3054.jpg
0,/food11/testing/0532.jpg
0,/food11/testing/2166.jpg
3,/food11/testing/1962.jpg
4,/food11/testing/0238.jpg
8,/food11/testing/1534.jpg
7,/food11/testing/1665.jpg
2,/food11/testing/1955.jpg
5,/food11/testing/2614.jpg
3,/food11/testing/2612.jpg
2,/food11/testing/2224.jpg
8,/food11/testing/0611.jpg
9,/food11/testing/1440.jpg
9,/food11/testing/0290.jpg
5,/food11/testing/3261.jpg
3,/food11/testing/1044.jpg
9,/food11/testing/2488.jpg
9,/food11/testing/1748.jpg
9,/food11/testing/1496.jpg
9,/food11/testing/2662.jpg
9,/food11/testing/0558.jpg
5,/food11/testing/2436.jpg
4,/food11/testing/2859.jpg
3,/food11/testing/1836.jpg
7,/food11/testing/1854.jpg
2,/food11/testing/2602.jpg
2,/food11/testing/3108.jpg
9,/food11/testing/0031.jpg
6,/food11/testing/1737.jpg
4,/food11/testing/2221.jpg
9,/food11/testing/0093.jpg
2,/food11/testing/0214.jpg
3,/food11/testing/1735.jpg
4,/food11/testing/2767.jpg
6,/food11/testing/0454.jpg
8,/food11/testing/1434.jpg
9,/food11/testing/0169.jpg
2,/food11/testing/2411.jpg
0,/food11/testing/1865.jpg
8,/food11/testing/2277.jpg
5,/food11/testing/3129.jpg
10,/food11/testing/3144.jpg
10,/food11/testing/3006.jpg
6,/food11/testing/1099.jpg
2,/food11/testing/1082.jpg
6,/food11/testing/0900.jpg
0,/food11/testing/3169.jpg
5,/food11/testing/0990.jpg
2,/food11/testing/0495.jpg
9,/food11/testing/0402.jpg
4,/food11/testing/2589.jpg
2,/food11/testing/2331.jpg
0,/food11/testing/0775.jpg
9,/food11/testing/3082.jpg
5,/food11/testing/0967.jpg
2,/food11/testing/2036.jpg
8,/food11/testing/1054.jpg
5,/food11/testing/1017.jpg
9,/food11/testing/3166.jpg
10,/food11/testing/0421.jpg
3,/food11/testing/1406.jpg
4,/food11/testing/3341.jpg
2,/food11/testing/0672.jpg
8,/food11/testing/1649.jpg
4,/food11/testing/0068.jpg
8,/food11/testing/1963.jpg
2,/food11/testing/1372.jpg
6,/food11/testing/0228.jpg
5,/food11/testing/0110.jpg
3,/food11/testing/2740.jpg
6,/food11/testing/2077.jpg
2,/food11/testing/1733.jpg
3,/food11/testing/2714.jpg
5,/food11/testing/1767.jpg
4,/food11/testing/2664.jpg
2,/food11/testing/0032.jpg
10,/food11/testing/2123.jpg
6,/food11/testing/1544.jpg
4,/food11/testing/1324.jpg
3,/food11/testing/2886.jpg
9,/food11/testing/2705.jpg
10,/food11/testing/2099.jpg
1,/food11/testing/3184.jpg
3,/food11/testing/0805.jpg
6,/food11/testing/2155.jpg
0,/food11/testing/0812.jpg
2,/food11/testing/0300.jpg
2,/food11/testing/0987.jpg
5,/food11/testing/0195.jpg
4,/food11/testing/1563.jpg
0,/food11/testing/0478.jpg
8,/food11/testing/0261.jpg
10,/food11/testing/2264.jpg
2,/food11/testing/0537.jpg
2,/food11/testing/0277.jpg
4,/food11/testing/1607.jpg
6,/food11/testing/3269.jpg
0,/food11/testing/1523.jpg
2,/food11/testing/1625.jpg
3,/food11/testing/3201.jpg
10,/food11/testing/2255.jpg
8,/food11/testing/0457.jpg
1,/food11/testing/1259.jpg
2,/food11/testing/0997.jpg
6,/food11/testing/0721.jpg
8,/food11/testing/2793.jpg
2,/food11/testing/1547.jpg
4,/food11/testing/0954.jpg
10,/food11/testing/0823.jpg
5,/food11/testing/2310.jpg
3,/food11/testing/3287.jpg
10,/food11/testing/3028.jpg
0,/food11/testing/1557.jpg
6,/food11/testing/0455.jpg
4,/food11/testing/3158.jpg
9,/food11/testing/0370.jpg
7,/food11/testing/0650.jpg
5,/food11/testing/2117.jpg
2,/food11/testing/3342.jpg
2,/food11/testing/0135.jpg
0,/food11/testing/2518.jpg
9,/food11/testing/0863.jpg
3,/food11/testing/0831.jpg
3,/food11/testing/0136.jpg
9,/food11/testing/2023.jpg
5,/food11/testing/0350.jpg
5,/food11/testing/0111.jpg
0,/food11/testing/2063.jpg
5,/food11/testing/2046.jpg
0,/food11/testing/2692.jpg
0,/food11/testing/0188.jpg
8,/food11/testing/1904.jpg
4,/food11/testing/3005.jpg
10,/food11/testing/2308.jpg
1,/food11/testing/1764.jpg
4,/food11/testing/2116.jpg
10,/food11/testing/1060.jpg
6,/food11/testing/1126.jpg
1,/food11/testing/2010.jpg
4,/food11/testing/0590.jpg
5,/food11/testing/1642.jpg
6,/food11/testing/3147.jpg
3,/food11/testing/2393.jpg
8,/food11/testing/2360.jpg
9,/food11/testing/0585.jpg
2,/food11/testing/0931.jpg
8,/food11/testing/2876.jpg
9,/food11/testing/2864.jpg
7,/food11/testing/2296.jpg
2,/food11/testing/0999.jpg
9,/food11/testing/1718.jpg
9,/food11/testing/3248.jpg
5,/food11/testing/0708.jpg
3,/food11/testing/2462.jpg
9,/food11/testing/2605.jpg
3,/food11/testing/0994.jpg
10,/food11/testing/1494.jpg
5,/food11/testing/3086.jpg
0,/food11/testing/2620.jpg
8,/food11/testing/1967.jpg
0,/food11/testing/2651.jpg
4,/food11/testing/1378.jpg
2,/food11/testing/2276.jpg
0,/food11/testing/0193.jpg
10,/food11/testing/0351.jpg
4,/food11/testing/2678.jpg
5,/food11/testing/0345.jpg
10,/food11/testing/1511.jpg
7,/food11/testing/1507.jpg
5,/food11/testing/1980.jpg
9,/food11/testing/2464.jpg
2,/food11/testing/1913.jpg
10,/food11/testing/0440.jpg
3,/food11/testing/1315.jpg
9,/food11/testing/2822.jpg
9,/food11/testing/2972.jpg
2,/food11/testing/3293.jpg
9,/food11/testing/1503.jpg
2,/food11/testing/1274.jpg
9,/food11/testing/1287.jpg
0,/food11/testing/0315.jpg
9,/food11/testing/0376.jpg
0,/food11/testing/0597.jpg
2,/food11/testing/0117.jpg
8,/food11/testing/1145.jpg
9,/food11/testing/3103.jpg
5,/food11/testing/0524.jpg
1,/food11/testing/1281.jpg
3,/food11/testing/3199.jpg
9,/food11/testing/0250.jpg
8,/food11/testing/1180.jpg
1,/food11/testing/2477.jpg
4,/food11/testing/1335.jpg
4,/food11/testing/2300.jpg
2,/food11/testing/0435.jpg
8,/food11/testing/2447.jpg
8,/food11/testing/0876.jpg
0,/food11/testing/0002.jpg
2,/food11/testing/0018.jpg
4,/food11/testing/0348.jpg
9,/food11/testing/2962.jpg
8,/food11/testing/1935.jpg
0,/food11/testing/1703.jpg
9,/food11/testing/3312.jpg
1,/food11/testing/1352.jpg
2,/food11/testing/1646.jpg
2,/food11/testing/0493.jpg
5,/food11/testing/1514.jpg
1,/food11/testing/2459.jpg
6,/food11/testing/0347.jpg
7,/food11/testing/2239.jpg
4,/food11/testing/3276.jpg
10,/food11/testing/3297.jpg
2,/food11/testing/0442.jpg
5,/food11/testing/0816.jpg
2,/food11/testing/1262.jpg
7,/food11/testing/1122.jpg
3,/food11/testing/0741.jpg
8,/food11/testing/1686.jpg
5,/food11/testing/2176.jpg
3,/food11/testing/0584.jpg
6,/food11/testing/0381.jpg
8,/food11/testing/1053.jpg
5,/food11/testing/2110.jpg
3,/food11/testing/0519.jpg
9,/food11/testing/1164.jpg
2,/food11/testing/0312.jpg
10,/food11/testing/3200.jpg
9,/food11/testing/2002.jpg
2,/food11/testing/1462.jpg
4,/food11/testing/2834.jpg
2,/food11/testing/2996.jpg
6,/food11/testing/0476.jpg
9,/food11/testing/2790.jpg
0,/food11/testing/2938.jpg
9,/food11/testing/0089.jpg
3,/food11/testing/1911.jpg
6,/food11/testing/1543.jpg
1,/food11/testing/2745.jpg
4,/food11/testing/0017.jpg
4,/food11/testing/2825.jpg
3,/food11/testing/1487.jpg
9,/food11/testing/0003.jpg
5,/food11/testing/1077.jpg
0,/food11/testing/2040.jpg
10,/food11/testing/2761.jpg
3,/food11/testing/2362.jpg
3,/food11/testing/0685.jpg
0,/food11/testing/1156.jpg
9,/food11/testing/2382.jpg
5,/food11/testing/1690.jpg
9,/food11/testing/2758.jpg
4,/food11/testing/3023.jpg
0,/food11/testing/2231.jpg
0,/food11/testing/3180.jpg
9,/food11/testing/2496.jpg
2,/food11/testing/0926.jpg
2,/food11/testing/2957.jpg
5,/food11/testing/2821.jpg
8,/food11/testing/0147.jpg
0,/food11/testing/3268.jpg
6,/food11/testing/0890.jpg
1,/food11/testing/0010.jpg
9,/food11/testing/2318.jpg
5,/food11/testing/0390.jpg
8,/food11/testing/1502.jpg
3,/food11/testing/1901.jpg
5,/food11/testing/3263.jpg
7,/food11/testing/0413.jpg
9,/food11/testing/1875.jpg
9,/food11/testing/0619.jpg
2,/food11/testing/0760.jpg
0,/food11/testing/3113.jpg
7,/food11/testing/3088.jpg
0,/food11/testing/1457.jpg
0,/food11/testing/1532.jpg
5,/food11/testing/1638.jpg
2,/food11/testing/2534.jpg
5,/food11/testing/0655.jpg
4,/food11/testing/1148.jpg
7,/food11/testing/2005.jpg
3,/food11/testing/2241.jpg
2,/food11/testing/2483.jpg
3,/food11/testing/0052.jpg
2,/food11/testing/2597.jpg
8,/food11/testing/2412.jpg
2,/food11/testing/0877.jpg
1,/food11/testing/3036.jpg
2,/food11/testing/2247.jpg
0,/food11/testing/2574.jpg
9,/food11/testing/1784.jpg
4,/food11/testing/1405.jpg
9,/food11/testing/0333.jpg
0,/food11/testing/2418.jpg
10,/food11/testing/0508.jpg
6,/food11/testing/2791.jpg
0,/food11/testing/1510.jpg
5,/food11/testing/0497.jpg
8,/food11/testing/1466.jpg
10,/food11/testing/1278.jpg
10,/food11/testing/1364.jpg
2,/food11/testing/1839.jpg
0,/food11/testing/2222.jpg
2,/food11/testing/0213.jpg
4,/food11/testing/0452.jpg
0,/food11/testing/0258.jpg
2,/food11/testing/0416.jpg
2,/food11/testing/1824.jpg
4,/food11/testing/2218.jpg
1,/food11/testing/0259.jpg
9,/food11/testing/2245.jpg
3,/food11/testing/3262.jpg
0,/food11/testing/1497.jpg
3,/food11/testing/2903.jpg
3,/food11/testing/2238.jpg
8,/food11/testing/1518.jpg
7,/food11/testing/1431.jpg
2,/food11/testing/0422.jpg
3,/food11/testing/2487.jpg
4,/food11/testing/0465.jpg
0,/food11/testing/2492.jpg
7,/food11/testing/3175.jpg
9,/food11/testing/2065.jpg
10,/food11/testing/0460.jpg
9,/food11/testing/3220.jpg
10,/food11/testing/0398.jpg
2,/food11/testing/3252.jpg
1,/food11/testing/1286.jpg
9,/food11/testing/1404.jpg
5,/food11/testing/1029.jpg
10,/food11/testing/2978.jpg
1,/food11/testing/0972.jpg
4,/food11/testing/2559.jpg
4,/food11/testing/3135.jpg
10,/food11/testing/0651.jpg
4,/food11/testing/2142.jpg
1,/food11/testing/2225.jpg
9,/food11/testing/1042.jpg
2,/food11/testing/1550.jpg
4,/food11/testing/0809.jpg
4,/food11/testing/0884.jpg
6,/food11/testing/0341.jpg
9,/food11/testing/3266.jpg
1,/food11/testing/0628.jpg
9,/food11/testing/2491.jpg
4,/food11/testing/0441.jpg
8,/food11/testing/2440.jpg
2,/food11/testing/1731.jpg
2,/food11/testing/3007.jpg
2,/food11/testing/2140.jpg
8,/food11/testing/0120.jpg
7,/food11/testing/2601.jpg
8,/food11/testing/0562.jpg
2,/food11/testing/2075.jpg
3,/food11/testing/1983.jpg
8,/food11/testing/1876.jpg
6,/food11/testing/1545.jpg
2,/food11/testing/0949.jpg
4,/food11/testing/0209.jpg
9,/food11/testing/2551.jpg
1,/food11/testing/1639.jpg
8,/food11/testing/2479.jpg
3,/food11/testing/3125.jpg
6,/food11/testing/1479.jpg
8,/food11/testing/0538.jpg
5,/food11/testing/1266.jpg
3,/food11/testing/2047.jpg
0,/food11/testing/1595.jpg
7,/food11/testing/1893.jpg
3,/food11/testing/0119.jpg
3,/food11/testing/2909.jpg
6,/food11/testing/0696.jpg
4,/food11/testing/1533.jpg
0,/food11/testing/3165.jpg
7,/food11/testing/3286.jpg
9,/food11/testing/3311.jpg
3,/food11/testing/2450.jpg
9,/food11/testing/0595.jpg
10,/food11/testing/0362.jpg
3,/food11/testing/0942.jpg
3,/food11/testing/0025.jpg
0,/food11/testing/2817.jpg
8,/food11/testing/1605.jpg
5,/food11/testing/1093.jpg
0,/food11/testing/2755.jpg
5,/food11/testing/2709.jpg
0,/food11/testing/1736.jpg
9,/food11/testing/3301.jpg
9,/food11/testing/2406.jpg
9,/food11/testing/0918.jpg
1,/food11/testing/3009.jpg
4,/food11/testing/2724.jpg
0,/food11/testing/1423.jpg
2,/food11/testing/2594.jpg
9,/food11/testing/2914.jpg
8,/food11/testing/2829.jpg
5,/food11/testing/2839.jpg
8,/food11/testing/1954.jpg
10,/food11/testing/2129.jpg
9,/food11/testing/2898.jpg
2,/food11/testing/1299.jpg
2,/food11/testing/1261.jpg
2,/food11/testing/1313.jpg
10,/food11/testing/0806.jpg
4,/food11/testing/0750.jpg
4,/food11/testing/1528.jpg
0,/food11/testing/0675.jpg
9,/food11/testing/3219.jpg
10,/food11/testing/0013.jpg
10,/food11/testing/1079.jpg
0,/food11/testing/2056.jpg
6,/food11/testing/0603.jpg
2,/food11/testing/2259.jpg
2,/food11/testing/3106.jpg
4,/food11/testing/2967.jpg
2,/food11/testing/1964.jpg
8,/food11/testing/2565.jpg
9,/food11/testing/2824.jpg
10,/food11/testing/2644.jpg
0,/food11/testing/2693.jpg
8,/food11/testing/2456.jpg
3,/food11/testing/0131.jpg
9,/food11/testing/1430.jpg
5,/food11/testing/1038.jpg
3,/food11/testing/0920.jpg
9,/food11/testing/1960.jpg
4,/food11/testing/3123.jpg
1,/food11/testing/0891.jpg
2,/food11/testing/2497.jpg
0,/food11/testing/1988.jpg
4,/food11/testing/3157.jpg
1,/food11/testing/1353.jpg
4,/food11/testing/0334.jpg
2,/food11/testing/2201.jpg
0,/food11/testing/2843.jpg
4,/food11/testing/3039.jpg
5,/food11/testing/0977.jpg
8,/food11/testing/1928.jpg
9,/food11/testing/0523.jpg
1,/food11/testing/2468.jpg
8,/food11/testing/1039.jpg
5,/food11/testing/2590.jpg
9,/food11/testing/0349.jpg
8,/food11/testing/1290.jpg
8,/food11/testing/0260.jpg
9,/food11/testing/0953.jpg
6,/food11/testing/2329.jpg
2,/food11/testing/2165.jpg
2,/food11/testing/1132.jpg
2,/food11/testing/2243.jpg
2,/food11/testing/0866.jpg
3,/food11/testing/0022.jpg
8,/food11/testing/2845.jpg
1,/food11/testing/1793.jpg
5,/food11/testing/1558.jpg
1,/food11/testing/2309.jpg
0,/food11/testing/0850.jpg
9,/food11/testing/0668.jpg
0,/food11/testing/0784.jpg
6,/food11/testing/1672.jpg
2,/food11/testing/2209.jpg
3,/food11/testing/1863.jpg
8,/food11/testing/1887.jpg
0,/food11/testing/3225.jpg
0,/food11/testing/2396.jpg
3,/food11/testing/0740.jpg
7,/food11/testing/3173.jpg
0,/food11/testing/2351.jpg
8,/food11/testing/2478.jpg
3,/food11/testing/1203.jpg
5,/food11/testing/2348.jpg
5,/food11/testing/0264.jpg
2,/food11/testing/2273.jpg
0,/food11/testing/1805.jpg
9,/food11/testing/2929.jpg
5,/food11/testing/0456.jpg
3,/food11/testing/0434.jpg
8,/food11/testing/2101.jpg
6,/food11/testing/1133.jpg
2,/food11/testing/1158.jpg
6,/food11/testing/0528.jpg
2,/food11/testing/1816.jpg
1,/food11/testing/3015.jpg
5,/food11/testing/2808.jpg
6,/food11/testing/3229.jpg
9,/food11/testing/0796.jpg
2,/food11/testing/2425.jpg
9,/food11/testing/2799.jpg
8,/food11/testing/1860.jpg
10,/food11/testing/1217.jpg
3,/food11/testing/1254.jpg
0,/food11/testing/2717.jpg
0,/food11/testing/2955.jpg
2,/food11/testing/3194.jpg
4,/food11/testing/3321.jpg
2,/food11/testing/2656.jpg
4,/food11/testing/0151.jpg
5,/food11/testing/0763.jpg
0,/food11/testing/0468.jpg
7,/food11/testing/2677.jpg
9,/food11/testing/2670.jpg
2,/food11/testing/1990.jpg
1,/food11/testing/3289.jpg
2,/food11/testing/0363.jpg
5,/food11/testing/2942.jpg
10,/food11/testing/2064.jpg
9,/food11/testing/3065.jpg
3,/food11/testing/3319.jpg
9,/food11/testing/1978.jpg
9,/food11/testing/3186.jpg
4,/food11/testing/3271.jpg
2,/food11/testing/0179.jpg
5,/food11/testing/3251.jpg
3,/food11/testing/2401.jpg
0,/food11/testing/0737.jpg
2,/food11/testing/1489.jpg
0,/food11/testing/1668.jpg
9,/food11/testing/2787.jpg
9,/food11/testing/3182.jpg
9,/food11/testing/1109.jpg
5,/food11/testing/2395.jpg
9,/food11/testing/2184.jpg
0,/food11/testing/2803.jpg
3,/food11/testing/0020.jpg
2,/food11/testing/3027.jpg
4,/food11/testing/1589.jpg
8,/food11/testing/2915.jpg
5,/food11/testing/0964.jpg
2,/food11/testing/2887.jpg
9,/food11/testing/1540.jpg
7,/food11/testing/0232.jpg
9,/food11/testing/2917.jpg
2,/food11/testing/2736.jpg
10,/food11/testing/1074.jpg
0,/food11/testing/0829.jpg
0,/food11/testing/0905.jpg
1,/food11/testing/0266.jpg
0,/food11/testing/2102.jpg
0,/food11/testing/0514.jpg
7,/food11/testing/2584.jpg
2,/food11/testing/1421.jpg
0,/food11/testing/3078.jpg
5,/food11/testing/1926.jpg
3,/food11/testing/1756.jpg
1,/food11/testing/0939.jpg
8,/food11/testing/0262.jpg
1,/food11/testing/1088.jpg
6,/food11/testing/1181.jpg
5,/food11/testing/1556.jpg
3,/food11/testing/1679.jpg
9,/food11/testing/3317.jpg
0,/food11/testing/0639.jpg
6,/food11/testing/1541.jpg
5,/food11/testing/0102.jpg
5,/food11/testing/0840.jpg
5,/food11/testing/0656.jpg
4,/food11/testing/0802.jpg
10,/food11/testing/1572.jpg
9,/food11/testing/3203.jpg
8,/food11/testing/1787.jpg
9,/food11/testing/0923.jpg
0,/food11/testing/2428.jpg
2,/food11/testing/0745.jpg
7,/food11/testing/2771.jpg
10,/food11/testing/3196.jpg
10,/food11/testing/3205.jpg
3,/food11/testing/0846.jpg
2,/food11/testing/0314.jpg
9,/food11/testing/3227.jpg
4,/food11/testing/0771.jpg
5,/food11/testing/1916.jpg
3,/food11/testing/1880.jpg
5,/food11/testing/1897.jpg
9,/food11/testing/1225.jpg
0,/food11/testing/0666.jpg
0,/food11/testing/2931.jpg
2,/food11/testing/1151.jpg
4,/food11/testing/0928.jpg
1,/food11/testing/1613.jpg
2,/food11/testing/3320.jpg
5,/food11/testing/1632.jpg
9,/food11/testing/0838.jpg
6,/food11/testing/2177.jpg
3,/food11/testing/2653.jpg
10,/food11/testing/1028.jpg
4,/food11/testing/1890.jpg
8,/food11/testing/0785.jpg
2,/food11/testing/1730.jpg
5,/food11/testing/0568.jpg
3,/food11/testing/1450.jpg
3,/food11/testing/1570.jpg
5,/food11/testing/0126.jpg
5,/food11/testing/1807.jpg
2,/food11/testing/2073.jpg
1,/food11/testing/1446.jpg
10,/food11/testing/2156.jpg
5,/food11/testing/1888.jpg
2,/food11/testing/0536.jpg
9,/food11/testing/0636.jpg
5,/food11/testing/2344.jpg
5,/food11/testing/2918.jpg
1,/food11/testing/2325.jpg
3,/food11/testing/1754.jpg
9,/food11/testing/0049.jpg
1,/food11/testing/1493.jpg
4,/food11/testing/0912.jpg
9,/food11/testing/3001.jpg
4,/food11/testing/2762.jpg
7,/food11/testing/0075.jpg
2,/food11/testing/0134.jpg
8,/food11/testing/2563.jpg
2,/food11/testing/0673.jpg
0,/food11/testing/2445.jpg
0,/food11/testing/2652.jpg
3,/food11/testing/1522.jpg
10,/food11/testing/0769.jpg
9,/food11/testing/3291.jpg
0,/food11/testing/1011.jpg
8,/food11/testing/1771.jpg
0,/food11/testing/0618.jpg
9,/food11/testing/1244.jpg
8,/food11/testing/0073.jpg
9,/food11/testing/2684.jpg
5,/food11/testing/0480.jpg
9,/food11/testing/2742.jpg
5,/food11/testing/1684.jpg
10,/food11/testing/1596.jpg
9,/food11/testing/0489.jpg
2,/food11/testing/3098.jpg
5,/food11/testing/1517.jpg
4,/food11/testing/0996.jpg
2,/food11/testing/1624.jpg
5,/food11/testing/2613.jpg
10,/food11/testing/1420.jpg
7,/food11/testing/1968.jpg
0,/food11/testing/2862.jpg
0,/food11/testing/0984.jpg
0,/food11/testing/2986.jpg
5,/food11/testing/0125.jpg
5,/food11/testing/2911.jpg
2,/food11/testing/1611.jpg
2,/food11/testing/0795.jpg
9,/food11/testing/1251.jpg
8,/food11/testing/0563.jpg
5,/food11/testing/1022.jpg
6,/food11/testing/2153.jpg
2,/food11/testing/0041.jpg
9,/food11/testing/2831.jpg
2,/food11/testing/0028.jpg
9,/food11/testing/1140.jpg
9,/food11/testing/2885.jpg
2,/food11/testing/2895.jpg
5,/food11/testing/1247.jpg
5,/food11/testing/0121.jpg
2,/food11/testing/1326.jpg
9,/food11/testing/1100.jpg
3,/food11/testing/2763.jpg
8,/food11/testing/3185.jpg
2,/food11/testing/1332.jpg
5,/food11/testing/1293.jpg
4,/food11/testing/2454.jpg
6,/food11/testing/2621.jpg
4,/food11/testing/0243.jpg
3,/food11/testing/0869.jpg
4,/food11/testing/1238.jpg
2,/food11/testing/0660.jpg
5,/food11/testing/0338.jpg
5,/food11/testing/0299.jpg
7,/food11/testing/2723.jpg
10,/food11/testing/2970.jpg
8,/food11/testing/0832.jpg
5,/food11/testing/2104.jpg
0,/food11/testing/2485.jpg
10,/food11/testing/3294.jpg
4,/food11/testing/2796.jpg
8,/food11/testing/1023.jpg
10,/food11/testing/1267.jpg
8,/food11/testing/0961.jpg
7,/food11/testing/0354.jpg
10,/food11/testing/3038.jpg
5,/food11/testing/1949.jpg
2,/food11/testing/2298.jpg
0,/food11/testing/1986.jpg
4,/food11/testing/2827.jpg
0,/food11/testing/0965.jpg
9,/food11/testing/1300.jpg
10,/food11/testing/2118.jpg
4,/food11/testing/1853.jpg
3,/food11/testing/1209.jpg
8,/food11/testing/0029.jpg
5,/food11/testing/3131.jpg
8,/food11/testing/2136.jpg
1,/food11/testing/3083.jpg
4,/food11/testing/0172.jpg
8,/food11/testing/2482.jpg
4,/food11/testing/2202.jpg
9,/food11/testing/1837.jpg
0,/food11/testing/0645.jpg
8,/food11/testing/0807.jpg
9,/food11/testing/3063.jpg
0,/food11/testing/1294.jpg
9,/food11/testing/0182.jpg
3,/food11/testing/0915.jpg
0,/food11/testing/1616.jpg
3,/food11/testing/2889.jpg
4,/food11/testing/1066.jpg
7,/food11/testing/2171.jpg
8,/food11/testing/0196.jpg
9,/food11/testing/1886.jpg
6,/food11/testing/2098.jpg
9,/food11/testing/1282.jpg
5,/food11/testing/3018.jpg
4,/food11/testing/0409.jpg
2,/food11/testing/0913.jpg
2,/food11/testing/2473.jpg
2,/food11/testing/2937.jpg
0,/food11/testing/1823.jpg
4,/food11/testing/1529.jpg
2,/food11/testing/2836.jpg
8,/food11/testing/0083.jpg
5,/food11/testing/0919.jpg
1,/food11/testing/1418.jpg
2,/food11/testing/1590.jpg
8,/food11/testing/3304.jpg
9,/food11/testing/1189.jpg
5,/food11/testing/1829.jpg
3,/food11/testing/2965.jpg
0,/food11/testing/0818.jpg
8,/food11/testing/0938.jpg
0,/food11/testing/1138.jpg
8,/food11/testing/0988.jpg
8,/food11/testing/2722.jpg
4,/food11/testing/3274.jpg
1,/food11/testing/0144.jpg
2,/food11/testing/2190.jpg
10,/food11/testing/2240.jpg
5,/food11/testing/1205.jpg
8,/food11/testing/0486.jpg
2,/food11/testing/2269.jpg
8,/food11/testing/2939.jpg
2,/food11/testing/0062.jpg
10,/food11/testing/2164.jpg
1,/food11/testing/1800.jpg
2,/food11/testing/1627.jpg
5,/food11/testing/3003.jpg
5,/food11/testing/0547.jpg
5,/food11/testing/1676.jpg
1,/food11/testing/1468.jpg
3,/food11/testing/1567.jpg
5,/food11/testing/2849.jpg
1,/food11/testing/2733.jpg
3,/food11/testing/2539.jpg
9,/food11/testing/1482.jpg
9,/food11/testing/2295.jpg
2,/food11/testing/0043.jpg
7,/food11/testing/2854.jpg
2,/food11/testing/1320.jpg
2,/food11/testing/1214.jpg
5,/food11/testing/2632.jpg
0,/food11/testing/1996.jpg
8,/food11/testing/0992.jpg
6,/food11/testing/2341.jpg
9,/food11/testing/0308.jpg
2,/food11/testing/3235.jpg
8,/food11/testing/0158.jpg
5,/food11/testing/0470.jpg
3,/food11/testing/1491.jpg
9,/food11/testing/1724.jpg
7,/food11/testing/0316.jpg
2,/food11/testing/2210.jpg
2,/food11/testing/2847.jpg
10,/food11/testing/0854.jpg
2,/food11/testing/1721.jpg
2,/food11/testing/1131.jpg
10,/food11/testing/1599.jpg
2,/food11/testing/2557.jpg
6,/food11/testing/2635.jpg
8,/food11/testing/2959.jpg
9,/food11/testing/2760.jpg
2,/food11/testing/0295.jpg
9,/food11/testing/2720.jpg
10,/food11/testing/2699.jpg
3,/food11/testing/0048.jpg
8,/food11/testing/0458.jpg
9,/food11/testing/2707.jpg
0,/food11/testing/0687.jpg
4,/food11/testing/1884.jpg
5,/food11/testing/2976.jpg
10,/food11/testing/3281.jpg
9,/food11/testing/0940.jpg
9,/food11/testing/2738.jpg
3,/food11/testing/2187.jpg
0,/food11/testing/0304.jpg
8,/food11/testing/1250.jpg
5,/food11/testing/1119.jpg
2,/food11/testing/3283.jpg
5,/food11/testing/0278.jpg
1,/food11/testing/0303.jpg
0,/food11/testing/1056.jpg
2,/food11/testing/0678.jpg
0,/food11/testing/2141.jpg
2,/food11/testing/3223.jpg
9,/food11/testing/1361.jpg
4,/food11/testing/0485.jpg
5,/food11/testing/2830.jpg
2,/food11/testing/1697.jpg
0,/food11/testing/1198.jpg
3,/food11/testing/2093.jpg
4,/food11/testing/3334.jpg
8,/food11/testing/0545.jpg
8,/food11/testing/2414.jpg
9,/food11/testing/2288.jpg
0,/food11/testing/1130.jpg
8,/food11/testing/0821.jpg
8,/food11/testing/1414.jpg
8,/food11/testing/1291.jpg
0,/food11/testing/3256.jpg
1,/food11/testing/1086.jpg
4,/food11/testing/0718.jpg
2,/food11/testing/0907.jpg
2,/food11/testing/2100.jpg
4,/food11/testing/0471.jpg
10,/food11/testing/0702.jpg
4,/food11/testing/2846.jpg
5,/food11/testing/0728.jpg
4,/food11/testing/3095.jpg
8,/food11/testing/2813.jpg
0,/food11/testing/2034.jpg
6,/food11/testing/0588.jpg
5,/food11/testing/3091.jpg
3,/food11/testing/0774.jpg
1,/food11/testing/1813.jpg
2,/food11/testing/2985.jpg
5,/food11/testing/1170.jpg
4,/food11/testing/0554.jpg
5,/food11/testing/0014.jpg
5,/food11/testing/1907.jpg
10,/food11/testing/0064.jpg
2,/food11/testing/0097.jpg
9,/food11/testing/1743.jpg
2,/food11/testing/0088.jpg
10,/food11/testing/1819.jpg
5,/food11/testing/0607.jpg
4,/food11/testing/1661.jpg
6,/food11/testing/0644.jpg
3,/food11/testing/2649.jpg
2,/food11/testing/3151.jpg
6,/food11/testing/0835.jpg
8,/food11/testing/1696.jpg
6,/food11/testing/2744.jpg
9,/food11/testing/0227.jpg
5,/food11/testing/2615.jpg
2,/food11/testing/0192.jpg
1,/food11/testing/1223.jpg
10,/food11/testing/1314.jpg
6,/food11/testing/0352.jpg
5,/food11/testing/2374.jpg
0,/food11/testing/1932.jpg
2,/food11/testing/1081.jpg
4,/food11/testing/2947.jpg
7,/food11/testing/0620.jpg
5,/food11/testing/1658.jpg
2,/food11/testing/1348.jpg
2,/food11/testing/3080.jpg
10,/food11/testing/2133.jpg
1,/food11/testing/3161.jpg
4,/food11/testing/3035.jpg
5,/food11/testing/0143.jpg
8,/food11/testing/0148.jpg
8,/food11/testing/0711.jpg
9,/food11/testing/1043.jpg
1,/food11/testing/1280.jpg
0,/food11/testing/2835.jpg
9,/food11/testing/1239.jpg
8,/food11/testing/3275.jpg
3,/food11/testing/1606.jpg
9,/food11/testing/1142.jpg
4,/food11/testing/2472.jpg
3,/food11/testing/2160.jpg
5,/food11/testing/0842.jpg
9,/food11/testing/1064.jpg
2,/food11/testing/1469.jpg
8,/food11/testing/0313.jpg
7,/food11/testing/0466.jpg
8,/food11/testing/1918.jpg
9,/food11/testing/3057.jpg
9,/food11/testing/1369.jpg
8,/food11/testing/0756.jpg
2,/food11/testing/2111.jpg
4,/food11/testing/1725.jpg
10,/food11/testing/0328.jpg
6,/food11/testing/1614.jpg
9,/food11/testing/2413.jpg
10,/food11/testing/1814.jpg
1,/food11/testing/1386.jpg
2,/food11/testing/0529.jpg
2,/food11/testing/1186.jpg
8,/food11/testing/0616.jpg
9,/food11/testing/0516.jpg
5,/food11/testing/0160.jpg
0,/food11/testing/1670.jpg
2,/food11/testing/3217.jpg
2,/food11/testing/0081.jpg
1,/food11/testing/2256.jpg
2,/food11/testing/0515.jpg
4,/food11/testing/1780.jpg
9,/food11/testing/0451.jpg
4,/food11/testing/2535.jpg
5,/food11/testing/2702.jpg
7,/food11/testing/0946.jpg
4,/food11/testing/1346.jpg
5,/food11/testing/3134.jpg
9,/food11/testing/0691.jpg
9,/food11/testing/2059.jpg
7,/food11/testing/1345.jpg
8,/food11/testing/1350.jpg
1,/food11/testing/0665.jpg
0,/food11/testing/1885.jpg
2,/food11/testing/2207.jpg
9,/food11/testing/3282.jpg
2,/food11/testing/1797.jpg
2,/food11/testing/0955.jpg
5,/food11/testing/1678.jpg
4,/food11/testing/1751.jpg
8,/food11/testing/1192.jpg
5,/food11/testing/0254.jpg
10,/food11/testing/3176.jpg
5,/food11/testing/2001.jpg
7,/food11/testing/0670.jpg
5,/food11/testing/2372.jpg
4,/food11/testing/0153.jpg
3,/food11/testing/3214.jpg
2,/food11/testing/2048.jpg
4,/food11/testing/1486.jpg
0,/food11/testing/3021.jpg
2,/food11/testing/0321.jpg
4,/food11/testing/0969.jpg
6,/food11/testing/1104.jpg
8,/food11/testing/1370.jpg
10,/food11/testing/0986.jpg
9,/food11/testing/2380.jpg
0,/food11/testing/0217.jpg
8,/food11/testing/0732.jpg
3,/food11/testing/0063.jpg
6,/food11/testing/1856.jpg
4,/food11/testing/2145.jpg
3,/food11/testing/1618.jpg
10,/food11/testing/2600.jpg
9,/food11/testing/0811.jpg
8,/food11/testing/2773.jpg
3,/food11/testing/0839.jpg
2,/food11/testing/1373.jpg
10,/food11/testing/2949.jpg
9,/food11/testing/0059.jpg
0,/food11/testing/1260.jpg
8,/food11/testing/0383.jpg
5,/food11/testing/1087.jpg
3,/food11/testing/2108.jpg
10,/food11/testing/2609.jpg
0,/food11/testing/1273.jpg
6,/food11/testing/1671.jpg
9,/food11/testing/0280.jpg
5,/food11/testing/2199.jpg
0,/food11/testing/0187.jpg
6,/food11/testing/1349.jpg
9,/food11/testing/2424.jpg
2,/food11/testing/0477.jpg
9,/food11/testing/3111.jpg
10,/food11/testing/1319.jpg
4,/food11/testing/1586.jpg
10,/food11/testing/2292.jpg
5,/food11/testing/1719.jpg
4,/food11/testing/3074.jpg
5,/food11/testing/0407.jpg
8,/food11/testing/1382.jpg
2,/food11/testing/2814.jpg
9,/food11/testing/2933.jpg
7,/food11/testing/0505.jpg
3,/food11/testing/0716.jpg
8,/food11/testing/3145.jpg
0,/food11/testing/1535.jpg
4,/food11/testing/2837.jpg
4,/food11/testing/1889.jpg
5,/food11/testing/0608.jpg
4,/food11/testing/2385.jpg
0,/food11/testing/1175.jpg
5,/food11/testing/2042.jpg
8,/food11/testing/3338.jpg
5,/food11/testing/3327.jpg
10,/food11/testing/1396.jpg
10,/food11/testing/0951.jpg
9,/food11/testing/0139.jpg
9,/food11/testing/2877.jpg
8,/food11/testing/2910.jpg
5,/food11/testing/2567.jpg
2,/food11/testing/1782.jpg
3,/food11/testing/0191.jpg
2,/food11/testing/2932.jpg
4,/food11/testing/2216.jpg
3,/food11/testing/0681.jpg
3,/food11/testing/2157.jpg
5,/food11/testing/0872.jpg
9,/food11/testing/1701.jpg
3,/food11/testing/0309.jpg
10,/food11/testing/0447.jpg
6,/food11/testing/1879.jpg
4,/food11/testing/1722.jpg
8,/food11/testing/0995.jpg
2,/food11/testing/2556.jpg
9,/food11/testing/1208.jpg
9,/food11/testing/3143.jpg
5,/food11/testing/2838.jpg
5,/food11/testing/0916.jpg
5,/food11/testing/1998.jpg
3,/food11/testing/0649.jpg
4,/food11/testing/2731.jpg
9,/food11/testing/2324.jpg
5,/food11/testing/3270.jpg
2,/food11/testing/1917.jpg
0,/food11/testing/0133.jpg
7,/food11/testing/1608.jpg
2,/food11/testing/2017.jpg
1,/food11/testing/1303.jpg
9,/food11/testing/1958.jpg
0,/food11/testing/2024.jpg
2,/food11/testing/0845.jpg
5,/food11/testing/0219.jpg
5,/food11/testing/3136.jpg
3,/food11/testing/1577.jpg
8,/food11/testing/1705.jpg
10,/food11/testing/0509.jpg
9,/food11/testing/0605.jpg
5,/food11/testing/0600.jpg
4,/food11/testing/1713.jpg
2,/food11/testing/1325.jpg
3,/food11/testing/2107.jpg
9,/food11/testing/1368.jpg
5,/food11/testing/1630.jpg
2,/food11/testing/3050.jpg
9,/food11/testing/1742.jpg
9,/food11/testing/3041.jpg
4,/food11/testing/0159.jpg
1,/food11/testing/2629.jpg
7,/food11/testing/0105.jpg
0,/food11/testing/2293.jpg
9,/food11/testing/2735.jpg
8,/food11/testing/2407.jpg
10,/food11/testing/2667.jpg
9,/food11/testing/1810.jpg
1,/food11/testing/1855.jpg
0,/food11/testing/1435.jpg
9,/food11/testing/2244.jpg
3,/food11/testing/2663.jpg
2,/food11/testing/1270.jpg
0,/food11/testing/2433.jpg
8,/food11/testing/2031.jpg
5,/food11/testing/1428.jpg
0,/food11/testing/0080.jpg
2,/food11/testing/0142.jpg
7,/food11/testing/3299.jpg
4,/food11/testing/0204.jpg
0,/food11/testing/2252.jpg
5,/food11/testing/3049.jpg
4,/food11/testing/2973.jpg
4,/food11/testing/2060.jpg
2,/food11/testing/0161.jpg
8,/food11/testing/0242.jpg
8,/food11/testing/0947.jpg
3,/food11/testing/1006.jpg
5,/food11/testing/3188.jpg
10,/food11/testing/1107.jpg
5,/food11/testing/0216.jpg
5,/food11/testing/1758.jpg
8,/food11/testing/0473.jpg
2,/food11/testing/2499.jpg
4,/food11/testing/0725.jpg
9,/food11/testing/0569.jpg
3,/food11/testing/0311.jpg
3,/food11/testing/0621.jpg
1,/food11/testing/0692.jpg
7,/food11/testing/2637.jpg
2,/food11/testing/0221.jpg
10,/food11/testing/0484.jpg
4,/food11/testing/0015.jpg
0,/food11/testing/1640.jpg
9,/food11/testing/1759.jpg
10,/food11/testing/1707.jpg
3,/food11/testing/1848.jpg
2,/food11/testing/1292.jpg
5,/food11/testing/0379.jpg
10,/food11/testing/1035.jpg
2,/food11/testing/0944.jpg
10,/food11/testing/0137.jpg
8,/food11/testing/3292.jpg
9,/food11/testing/3121.jpg
1,/food11/testing/1485.jpg
5,/food11/testing/1249.jpg
2,/food11/testing/0643.jpg
9,/food11/testing/0930.jpg
3,/food11/testing/1422.jpg
8,/food11/testing/2858.jpg
2,/food11/testing/1490.jpg
2,/food11/testing/2442.jpg
2,/food11/testing/1951.jpg
0,/food11/testing/3024.jpg
9,/food11/testing/0713.jpg
2,/food11/testing/2797.jpg
0,/food11/testing/2732.jpg
8,/food11/testing/1492.jpg
0,/food11/testing/0848.jpg
9,/food11/testing/2575.jpg
3,/food11/testing/1448.jpg
4,/food11/testing/1620.jpg
2,/food11/testing/1234.jpg
2,/food11/testing/2251.jpg
2,/food11/testing/2794.jpg
9,/food11/testing/1674.jpg
5,/food11/testing/1384.jpg
2,/food11/testing/3239.jpg
2,/food11/testing/0103.jpg
3,/food11/testing/2373.jpg
9,/food11/testing/0903.jpg
5,/food11/testing/1242.jpg
2,/food11/testing/2326.jpg
5,/food11/testing/1664.jpg
9,/food11/testing/3101.jpg
1,/food11/testing/2469.jpg
4,/food11/testing/0734.jpg
5,/food11/testing/1362.jpg
5,/food11/testing/1007.jpg
3,/food11/testing/3044.jpg
2,/food11/testing/0353.jpg
1,/food11/testing/1202.jpg
5,/food11/testing/2991.jpg
3,/food11/testing/1991.jpg
9,/food11/testing/0642.jpg
8,/food11/testing/1508.jpg
3,/food11/testing/0637.jpg
5,/food11/testing/2311.jpg
8,/food11/testing/3052.jpg
0,/food11/testing/2421.jpg
6,/food11/testing/2674.jpg
9,/food11/testing/0185.jpg
0,/food11/testing/2389.jpg
6,/food11/testing/2138.jpg
1,/food11/testing/2860.jpg
2,/food11/testing/3192.jpg
10,/food11/testing/0855.jpg
9,/food11/testing/2659.jpg
9,/food11/testing/0793.jpg
10,/food11/testing/0867.jpg
8,/food11/testing/1036.jpg
3,/food11/testing/0641.jpg
2,/food11/testing/2511.jpg
8,/food11/testing/1398.jpg
10,/food11/testing/0177.jpg
2,/food11/testing/0233.jpg
8,/food11/testing/0496.jpg
9,/food11/testing/3253.jpg
5,/food11/testing/2297.jpg
6,/food11/testing/2700.jpg
3,/food11/testing/1512.jpg
0,/food11/testing/1027.jpg
9,/food11/testing/0671.jpg
5,/food11/testing/3019.jpg
8,/food11/testing/2646.jpg
3,/food11/testing/2893.jpg
9,/food11/testing/1765.jpg
0,/food11/testing/0047.jpg
10,/food11/testing/2548.jpg
2,/food11/testing/1838.jpg
6,/food11/testing/2800.jpg
0,/food11/testing/1417.jpg
0,/food11/testing/0979.jpg
9,/food11/testing/2631.jpg
4,/food11/testing/0914.jpg
0,/food11/testing/1426.jpg
6,/food11/testing/2365.jpg
8,/food11/testing/2529.jpg
9,/food11/testing/2071.jpg
2,/food11/testing/1898.jpg
2,/food11/testing/0510.jpg
8,/food11/testing/2798.jpg
3,/food11/testing/0630.jpg
0,/food11/testing/3265.jpg
4,/food11/testing/2528.jpg
9,/food11/testing/3240.jpg
2,/food11/testing/2058.jpg
7,/food11/testing/3130.jpg
5,/food11/testing/0430.jpg
2,/food11/testing/0367.jpg
8,/food11/testing/2680.jpg
9,/food11/testing/0114.jpg
5,/food11/testing/1740.jpg
8,/food11/testing/2891.jpg
5,/food11/testing/1397.jpg
0,/food11/testing/2741.jpg
10,/food11/testing/2578.jpg
2,/food11/testing/3231.jpg
9,/food11/testing/2343.jpg
5,/food11/testing/1439.jpg
4,/food11/testing/0366.jpg
5,/food11/testing/1685.jpg
5,/food11/testing/1692.jpg
10,/food11/testing/1821.jpg
3,/food11/testing/2437.jpg
8,/food11/testing/3162.jpg
10,/food11/testing/1948.jpg
6,/food11/testing/3118.jpg
9,/food11/testing/2509.jpg
10,/food11/testing/1228.jpg
0,/food11/testing/2585.jpg
5,/food11/testing/0638.jpg
8,/food11/testing/2522.jpg
10,/food11/testing/0395.jpg
2,/food11/testing/0201.jpg
1,/food11/testing/0860.jpg
4,/food11/testing/1068.jpg
7,/food11/testing/2988.jpg
9,/food11/testing/2335.jpg
10,/food11/testing/0868.jpg
0,/food11/testing/1924.jpg
2,/food11/testing/0770.jpg
3,/food11/testing/2872.jpg
4,/food11/testing/0592.jpg
3,/food11/testing/1051.jpg
7,/food11/testing/0522.jpg
2,/food11/testing/0222.jpg
10,/food11/testing/2737.jpg
9,/food11/testing/0265.jpg
0,/food11/testing/2804.jpg
3,/food11/testing/1050.jpg
10,/food11/testing/1772.jpg
1,/food11/testing/2506.jpg
1,/food11/testing/2828.jpg
9,/food11/testing/1654.jpg
6,/food11/testing/1152.jpg
0,/food11/testing/2833.jpg
10,/food11/testing/0037.jpg
0,/food11/testing/2068.jpg
6,/food11/testing/0873.jpg
5,/food11/testing/1844.jpg
2,/food11/testing/2242.jpg
4,/food11/testing/3193.jpg
9,/food11/testing/2934.jpg
6,/food11/testing/0993.jpg
5,/food11/testing/0183.jpg
9,/food11/testing/1137.jpg
8,/food11/testing/0507.jpg
5,/food11/testing/3233.jpg
2,/food11/testing/0294.jpg
3,/food11/testing/1938.jpg
2,/food11/testing/0731.jpg
7,/food11/testing/3026.jpg
5,/food11/testing/0166.jpg
10,/food11/testing/3068.jpg
2,/food11/testing/0703.jpg
0,/food11/testing/2554.jpg
9,/food11/testing/2120.jpg
10,/food11/testing/0640.jpg
0,/food11/testing/0982.jpg
9,/food11/testing/2990.jpg
0,/food11/testing/2711.jpg
3,/food11/testing/1598.jpg
7,/food11/testing/0792.jpg
5,/food11/testing/2305.jpg
10,/food11/testing/2901.jpg
1,/food11/testing/2940.jpg
9,/food11/testing/1610.jpg
4,/food11/testing/1178.jpg
9,/food11/testing/2191.jpg
5,/food11/testing/0162.jpg
5,/food11/testing/0130.jpg
9,/food11/testing/0461.jpg
8,/food11/testing/0393.jpg
2,/food11/testing/2747.jpg
2,/food11/testing/3249.jpg
10,/food11/testing/3328.jpg
7,/food11/testing/2043.jpg
4,/food11/testing/0373.jpg
2,/food11/testing/2873.jpg
9,/food11/testing/0929.jpg
7,/food11/testing/2054.jpg
2,/food11/testing/1271.jpg
5,/food11/testing/2823.jpg
8,/food11/testing/0820.jpg
2,/food11/testing/1959.jpg
10,/food11/testing/0499.jpg
9,/food11/testing/0582.jpg
8,/food11/testing/1561.jpg
8,/food11/testing/3060.jpg
8,/food11/testing/0885.jpg
2,/food11/testing/1825.jpg
6,/food11/testing/1859.jpg
9,/food11/testing/1069.jpg
9,/food11/testing/3107.jpg
1,/food11/testing/0578.jpg
7,/food11/testing/0950.jpg
9,/food11/testing/3160.jpg
9,/food11/testing/1045.jpg
9,/food11/testing/1374.jpg
0,/food11/testing/2927.jpg
9,/food11/testing/1828.jpg
0,/food11/testing/0790.jpg
2,/food11/testing/2853.jpg
8,/food11/testing/1881.jpg
3,/food11/testing/0735.jpg
3,/food11/testing/0830.jpg
8,/food11/testing/2289.jpg
9,/food11/testing/1121.jpg
10,/food11/testing/3053.jpg
0,/food11/testing/1631.jpg
9,/food11/testing/1059.jpg
0,/food11/testing/1309.jpg
5,/food11/testing/3335.jpg
3,/food11/testing/0251.jpg
2,/food11/testing/0754.jpg
0,/food11/testing/0104.jpg
0,/food11/testing/1745.jpg
9,/food11/testing/0512.jpg
6,/food11/testing/2037.jpg
4,/food11/testing/0346.jpg
5,/food11/testing/1857.jpg
4,/food11/testing/2435.jpg
5,/food11/testing/1436.jpg
0,/food11/testing/0194.jpg
2,/food11/testing/1296.jpg
2,/food11/testing/0614.jpg
0,/food11/testing/3051.jpg
9,/food11/testing/3043.jpg
5,/food11/testing/0224.jpg
1,/food11/testing/3313.jpg
8,/food11/testing/1416.jpg
2,/food11/testing/1900.jpg
4,/food11/testing/0815.jpg
5,/food11/testing/0249.jpg
10,/food11/testing/0293.jpg
2,/food11/testing/2307.jpg
0,/food11/testing/0446.jpg
4,/food11/testing/0270.jpg
2,/food11/testing/1472.jpg
8,/food11/testing/2095.jpg
2,/food11/testing/1112.jpg
8,/food11/testing/2807.jpg
9,/food11/testing/2660.jpg
5,/food11/testing/1393.jpg
5,/food11/testing/2754.jpg
5,/food11/testing/2103.jpg
5,/food11/testing/2912.jpg
3,/food11/testing/0613.jpg
0,/food11/testing/2027.jpg
9,/food11/testing/1298.jpg
0,/food11/testing/2851.jpg
3,/food11/testing/2404.jpg
4,/food11/testing/0173.jpg
3,/food11/testing/0109.jpg
5,/food11/testing/0878.jpg
3,/food11/testing/1637.jpg
5,/food11/testing/1454.jpg
5,/food11/testing/0557.jpg
2,/food11/testing/0368.jpg
3,/food11/testing/0743.jpg
10,/food11/testing/1593.jpg
3,/food11/testing/2712.jpg
9,/food11/testing/2018.jpg
9,/food11/testing/2441.jpg
4,/food11/testing/0157.jpg
5,/food11/testing/0566.jpg
5,/food11/testing/2423.jpg
9,/food11/testing/0544.jpg
10,/food11/testing/0388.jpg
5,/food11/testing/0813.jpg
0,/food11/testing/2880.jpg
10,/food11/testing/0050.jpg
5,/food11/testing/0778.jpg
6,/food11/testing/3073.jpg
3,/food11/testing/0736.jpg
7,/food11/testing/1981.jpg
5,/food11/testing/2975.jpg
3,/food11/testing/0825.jpg
7,/food11/testing/0296.jpg
10,/food11/testing/0392.jpg
9,/food11/testing/1588.jpg
5,/food11/testing/2848.jpg
5,/food11/testing/1520.jpg
4,/food11/testing/0810.jpg
3,/food11/testing/1381.jpg
5,/food11/testing/1301.jpg
0,/food11/testing/2954.jpg
5,/food11/testing/1047.jpg
5,/food11/testing/0163.jpg
8,/food11/testing/2883.jpg
4,/food11/testing/3329.jpg
2,/food11/testing/2466.jpg
2,/food11/testing/2226.jpg
2,/food11/testing/2342.jpg
0,/food11/testing/1842.jpg
2,/food11/testing/0632.jpg
3,/food11/testing/1729.jpg
3,/food11/testing/1683.jpg
0,/food11/testing/3236.jpg
5,/food11/testing/2992.jpg
10,/food11/testing/3250.jpg
10,/food11/testing/1992.jpg
0,/food11/testing/1946.jpg
10,/food11/testing/1194.jpg
2,/food11/testing/2908.jpg
3,/food11/testing/0662.jpg
10,/food11/testing/0099.jpg
3,/food11/testing/1896.jpg
5,/food11/testing/1063.jpg
6,/food11/testing/2726.jpg
9,/food11/testing/3090.jpg
6,/food11/testing/0689.jpg
8,/food11/testing/0472.jpg
9,/food11/testing/2219.jpg
4,/food11/testing/1103.jpg
4,/food11/testing/0417.jpg
2,/food11/testing/2983.jpg
3,/food11/testing/2175.jpg
9,/food11/testing/1207.jpg
2,/food11/testing/1645.jpg
3,/food11/testing/2304.jpg
5,/food11/testing/2533.jpg
8,/food11/testing/2119.jpg
0,/food11/testing/3189.jpg
10,/food11/testing/0459.jpg
5,/food11/testing/0575.jpg
6,/food11/testing/2766.jpg
4,/food11/testing/1714.jpg
10,/food11/testing/1098.jpg
8,/food11/testing/0844.jpg
0,/food11/testing/1667.jpg
2,/food11/testing/1798.jpg
3,/food11/testing/2330.jpg
9,/food11/testing/1000.jpg
2,/food11/testing/0449.jpg
8,/food11/testing/2746.jpg
0,/food11/testing/3094.jpg
9,/food11/testing/0822.jpg
8,/food11/testing/2233.jpg
10,/food11/testing/2888.jpg
1,/food11/testing/1975.jpg
0,/food11/testing/1750.jpg
10,/food11/testing/1574.jpg
8,/food11/testing/2152.jpg
7,/food11/testing/0394.jpg
4,/food11/testing/0598.jpg
1,/food11/testing/3146.jpg
9,/food11/testing/2603.jpg
0,/food11/testing/1585.jpg
2,/food11/testing/2516.jpg
0,/food11/testing/0625.jpg
3,/food11/testing/2134.jpg
9,/food11/testing/2086.jpg
2,/food11/testing/0035.jpg
3,/food11/testing/0864.jpg
0,/food11/testing/0553.jpg
2,/food11/testing/3238.jpg
4,/food11/testing/0112.jpg
9,/food11/testing/2353.jpg
5,/food11/testing/3097.jpg
5,/food11/testing/3127.jpg
8,/food11/testing/0397.jpg
2,/food11/testing/1272.jpg
0,/food11/testing/2280.jpg
9,/food11/testing/2531.jpg
3,/food11/testing/0479.jpg
9,/food11/testing/0164.jpg
5,/food11/testing/1909.jpg
9,/food11/testing/2132.jpg
3,/food11/testing/0604.jpg
3,/food11/testing/2388.jpg
4,/food11/testing/1505.jpg
0,/food11/testing/3105.jpg
2,/food11/testing/0419.jpg
4,/food11/testing/0287.jpg
2,/food11/testing/1619.jpg
0,/food11/testing/3345.jpg
8,/food11/testing/1216.jpg
9,/food11/testing/2306.jpg
10,/food11/testing/1096.jpg
3,/food11/testing/2378.jpg
4,/food11/testing/2194.jpg
0,/food11/testing/2508.jpg
4,/food11/testing/3177.jpg
3,/food11/testing/2561.jpg
5,/food11/testing/0071.jpg
5,/food11/testing/1796.jpg
4,/food11/testing/2905.jpg
2,/food11/testing/0633.jpg
5,/food11/testing/2783.jpg
6,/food11/testing/2217.jpg
6,/food11/testing/0511.jpg
10,/food11/testing/1257.jpg
5,/food11/testing/1102.jpg
0,/food11/testing/1483.jpg
5,/food11/testing/0306.jpg
2,/food11/testing/1215.jpg
4,/food11/testing/0530.jpg
0,/food11/testing/0941.jpg
2,/food11/testing/2170.jpg
1,/food11/testing/0679.jpg
9,/food11/testing/2570.jpg
4,/food11/testing/1256.jpg
4,/food11/testing/1809.jpg
0,/food11/testing/1237.jpg
0,/food11/testing/1455.jpg
2,/food11/testing/0746.jpg
8,/food11/testing/2274.jpg
2,/food11/testing/2379.jpg
9,/food11/testing/2253.jpg
0,/food11/testing/2055.jpg
5,/food11/testing/0623.jpg
5,/food11/testing/1773.jpg
0,/food11/testing/0894.jpg
4,/food11/testing/3046.jpg
4,/food11/testing/0683.jpg
10,/food11/testing/3273.jpg
0,/food11/testing/2465.jpg
9,/food11/testing/0118.jpg
9,/food11/testing/2715.jpg
5,/food11/testing/1013.jpg
3,/food11/testing/1972.jpg
0,/food11/testing/1139.jpg
10,/food11/testing/1447.jpg
5,/food11/testing/2527.jpg
0,/food11/testing/1410.jpg
9,/food11/testing/1106.jpg
8,/food11/testing/2377.jpg
2,/food11/testing/0244.jpg
4,/food11/testing/1458.jpg
3,/food11/testing/0974.jpg
6,/food11/testing/2672.jpg
3,/food11/testing/0521.jpg
9,/food11/testing/1950.jpg
5,/food11/testing/0361.jpg
9,/food11/testing/3096.jpg
8,/food11/testing/2606.jpg
6,/food11/testing/2408.jpg
5,/food11/testing/1481.jpg
3,/food11/testing/1687.jpg
9,/food11/testing/0998.jpg
0,/food11/testing/2291.jpg
0,/food11/testing/2448.jpg
10,/food11/testing/1279.jpg
2,/food11/testing/2611.jpg
10,/food11/testing/3337.jpg
5,/food11/testing/2987.jpg
5,/food11/testing/0935.jpg
3,/food11/testing/1004.jpg
2,/food11/testing/2777.jpg
6,/food11/testing/2143.jpg
0,/food11/testing/0971.jpg
5,/food11/testing/2038.jpg
5,/food11/testing/2066.jpg
5,/food11/testing/2960.jpg
9,/food11/testing/1402.jpg
9,/food11/testing/2630.jpg
5,/food11/testing/0322.jpg
9,/food11/testing/0978.jpg
4,/food11/testing/0761.jpg
7,/food11/testing/0739.jpg
1,/food11/testing/1555.jpg
8,/food11/testing/1803.jpg
9,/food11/testing/1307.jpg
5,/food11/testing/0777.jpg
0,/food11/testing/3172.jpg
3,/food11/testing/3075.jpg
9,/food11/testing/1495.jpg
2,/food11/testing/0253.jpg
3,/food11/testing/0853.jpg
5,/food11/testing/0677.jpg
6,/food11/testing/3222.jpg
8,/food11/testing/2999.jpg
4,/food11/testing/2979.jpg
7,/food11/testing/1564.jpg
3,/food11/testing/0414.jpg
3,/food11/testing/0241.jpg
9,/food11/testing/0783.jpg
4,/food11/testing/2977.jpg
8,/food11/testing/1174.jpg
6,/food11/testing/2144.jpg
4,/food11/testing/0087.jpg
0,/food11/testing/0205.jpg
3,/food11/testing/3029.jpg
5,/food11/testing/1110.jpg
1,/food11/testing/1728.jpg
9,/food11/testing/1783.jpg
5,/food11/testing/1169.jpg
0,/food11/testing/2966.jpg
2,/food11/testing/1531.jpg
10,/food11/testing/2857.jpg
4,/food11/testing/2146.jpg
9,/food11/testing/1040.jpg
7,/food11/testing/0230.jpg
0,/food11/testing/0310.jpg
3,/food11/testing/0198.jpg
7,/food11/testing/0411.jpg
2,/food11/testing/1224.jpg
4,/food11/testing/1621.jpg
0,/food11/testing/0911.jpg
9,/food11/testing/2995.jpg
5,/food11/testing/3259.jpg
9,/food11/testing/2690.jpg
9,/food11/testing/0152.jpg
6,/food11/testing/1412.jpg
5,/food11/testing/1351.jpg
8,/food11/testing/1843.jpg
8,/food11/testing/0552.jpg
2,/food11/testing/1470.jpg
2,/food11/testing/1622.jpg
5,/food11/testing/1117.jpg
5,/food11/testing/3140.jpg
6,/food11/testing/1763.jpg
9,/food11/testing/2676.jpg
3,/food11/testing/2536.jpg
5,/food11/testing/1433.jpg
6,/food11/testing/2130.jpg
8,/food11/testing/1666.jpg
2,/food11/testing/2634.jpg
5,/food11/testing/2261.jpg
3,/food11/testing/2283.jpg
9,/food11/testing/1914.jpg
8,/food11/testing/1128.jpg
5,/food11/testing/0220.jpg
9,/food11/testing/2582.jpg
2,/food11/testing/1779.jpg
1,/food11/testing/2249.jpg
5,/food11/testing/2553.jpg
2,/food11/testing/2579.jpg
2,/food11/testing/0215.jpg
0,/food11/testing/2039.jpg
4,/food11/testing/0481.jpg
2,/food11/testing/0925.jpg
2,/food11/testing/0100.jpg
3,/food11/testing/2364.jpg
9,/food11/testing/0634.jpg
5,/food11/testing/1465.jpg
2,/food11/testing/1818.jpg
9,/food11/testing/0012.jpg
6,/food11/testing/2357.jpg
5,/food11/testing/3300.jpg
10,/food11/testing/2759.jpg
5,/food11/testing/1460.jpg
6,/food11/testing/2014.jpg
9,/food11/testing/1083.jpg
5,/food11/testing/0060.jpg
0,/food11/testing/2427.jpg
1,/food11/testing/0045.jpg
5,/food11/testing/2780.jpg
6,/food11/testing/2868.jpg
8,/food11/testing/2521.jpg
10,/food11/testing/0305.jpg
9,/food11/testing/2126.jpg
4,/food11/testing/0199.jpg
3,/food11/testing/2921.jpg
2,/food11/testing/0602.jpg
9,/food11/testing/2387.jpg
1,/food11/testing/0501.jpg
0,/food11/testing/3045.jpg
0,/food11/testing/1263.jpg
4,/food11/testing/2208.jpg
5,/food11/testing/2070.jpg
10,/food11/testing/0069.jpg
5,/food11/testing/1062.jpg
9,/food11/testing/2816.jpg
9,/food11/testing/1822.jpg
10,/food11/testing/2721.jpg
9,/food11/testing/0767.jpg
5,/food11/testing/2420.jpg
1,/food11/testing/2923.jpg
10,/food11/testing/0945.jpg
8,/food11/testing/2416.jpg
2,/food11/testing/3213.jpg
0,/food11/testing/0054.jpg
2,/food11/testing/2285.jpg
2,/food11/testing/2481.jpg
9,/food11/testing/0276.jpg
3,/food11/testing/2443.jpg
9,/food11/testing/1105.jpg
3,/food11/testing/1929.jpg
5,/food11/testing/0897.jpg
1,/food11/testing/2030.jpg
6,/food11/testing/2429.jpg
7,/food11/testing/1347.jpg
9,/food11/testing/1219.jpg
4,/food11/testing/2127.jpg
2,/food11/testing/1392.jpg
3,/food11/testing/1182.jpg
1,/food11/testing/1868.jpg
0,/food11/testing/3278.jpg
10,/food11/testing/0723.jpg
2,/food11/testing/0256.jpg
5,/food11/testing/2576.jpg
5,/food11/testing/1930.jpg
4,/food11/testing/2941.jpg
2,/food11/testing/0624.jpg
5,/food11/testing/1408.jpg
5,/food11/testing/0717.jpg
9,/food11/testing/0865.jpg
2,/food11/testing/0539.jpg
9,/food11/testing/3167.jpg
5,/food11/testing/1233.jpg
9,/food11/testing/1583.jpg
9,/food11/testing/2542.jpg
9,/food11/testing/2734.jpg
5,/food11/testing/0326.jpg
9,/food11/testing/0719.jpg
3,/food11/testing/2728.jpg
3,/food11/testing/1092.jpg
4,/food11/testing/1682.jpg
4,/food11/testing/0324.jpg
0,/food11/testing/1218.jpg
4,/food11/testing/3316.jpg
9,/food11/testing/0218.jpg
4,/food11/testing/2775.jpg
1,/food11/testing/0936.jpg
5,/food11/testing/0332.jpg
3,/food11/testing/1982.jpg
5,/food11/testing/2449.jpg
9,/food11/testing/0828.jpg
8,/food11/testing/0551.jpg
9,/food11/testing/1163.jpg
2,/food11/testing/0033.jpg
8,/food11/testing/0837.jpg
9,/food11/testing/0340.jpg
5,/food11/testing/2913.jpg
6,/food11/testing/0981.jpg
3,/food11/testing/0765.jpg
9,/food11/testing/3279.jpg
10,/food11/testing/2236.jpg
7,/food11/testing/3062.jpg
5,/food11/testing/2135.jpg
3,/food11/testing/3072.jpg
9,/food11/testing/2514.jpg
0,/food11/testing/0546.jpg
0,/food11/testing/1150.jpg
9,/food11/testing/1480.jpg
9,/food11/testing/0724.jpg
1,/food11/testing/1870.jpg
3,/food11/testing/2774.jpg
5,/food11/testing/1415.jpg
7,/food11/testing/1190.jpg
5,/food11/testing/1694.jpg
8,/food11/testing/1432.jpg
0,/food11/testing/1791.jpg
8,/food11/testing/2114.jpg
10,/food11/testing/0910.jpg
7,/food11/testing/1003.jpg
2,/food11/testing/2419.jpg
2,/food11/testing/3104.jpg
0,/food11/testing/2006.jpg
0,/food11/testing/1153.jpg
4,/food11/testing/2453.jpg
3,/food11/testing/0113.jpg
4,/food11/testing/2327.jpg
9,/food11/testing/2668.jpg
6,/food11/testing/0491.jpg
8,/food11/testing/0697.jpg
7,/food11/testing/0004.jpg
5,/food11/testing/2434.jpg
1,/food11/testing/1400.jpg
8,/food11/testing/2871.jpg
4,/food11/testing/0356.jpg
3,/food11/testing/1636.jpg
2,/food11/testing/2785.jpg
2,/food11/testing/1070.jpg
10,/food11/testing/2339.jpg
5,/food11/testing/1463.jpg
0,/food11/testing/1449.jpg
9,/food11/testing/1453.jpg
2,/food11/testing/2894.jpg
5,/food11/testing/0571.jpg
9,/food11/testing/1388.jpg
2,/food11/testing/3116.jpg
8,/food11/testing/0127.jpg
2,/food11/testing/2622.jpg
2,/food11/testing/2543.jpg
0,/food11/testing/2230.jpg
2,/food11/testing/1573.jpg
4,/food11/testing/2189.jpg
4,/food11/testing/2169.jpg
2,/food11/testing/2314.jpg
6,/food11/testing/0503.jpg
8,/food11/testing/0149.jpg
1,/food11/testing/1826.jpg
0,/food11/testing/1474.jpg
0,/food11/testing/3153.jpg
5,/food11/testing/1871.jpg
3,/food11/testing/3244.jpg
6,/food11/testing/2013.jpg
1,/food11/testing/0738.jpg
9,/food11/testing/0580.jpg
5,/food11/testing/0722.jpg
1,/food11/testing/0174.jpg
5,/food11/testing/3033.jpg
5,/food11/testing/3208.jpg
4,/food11/testing/0463.jpg
3,/food11/testing/3191.jpg
0,/food11/testing/2161.jpg
5,/food11/testing/1867.jpg
0,/food11/testing/1874.jpg
9,/food11/testing/0908.jpg
2,/food11/testing/0034.jpg
8,/food11/testing/0396.jpg
9,/food11/testing/0257.jpg
8,/food11/testing/2474.jpg
0,/food11/testing/1974.jpg
0,/food11/testing/1872.jpg
5,/food11/testing/1663.jpg
1,/food11/testing/0561.jpg
5,/food11/testing/1212.jpg
0,/food11/testing/1993.jpg
0,/food11/testing/2562.jpg
2,/food11/testing/1305.jpg
8,/food11/testing/1221.jpg
2,/food11/testing/2284.jpg
2,/food11/testing/0525.jpg
5,/food11/testing/0072.jpg
9,/food11/testing/1695.jpg
0,/food11/testing/1072.jpg
0,/food11/testing/3181.jpg
5,/food11/testing/2820.jpg
5,/food11/testing/2779.jpg
3,/food11/testing/2349.jpg
1,/food11/testing/0066.jpg
0,/food11/testing/0267.jpg
0,/food11/testing/1734.jpg
5,/food11/testing/1302.jpg
5,/food11/testing/1882.jpg
2,/food11/testing/2701.jpg
4,/food11/testing/2265.jpg
4,/food11/testing/1187.jpg
3,/food11/testing/1127.jpg
2,/food11/testing/1308.jpg
4,/food11/testing/1675.jpg
10,/food11/testing/2266.jpg
8,/food11/testing/2096.jpg
7,/food11/testing/2012.jpg
5,/food11/testing/0518.jpg
4,/food11/testing/0359.jpg
7,/food11/testing/1597.jpg
4,/food11/testing/1942.jpg
4,/food11/testing/2317.jpg
4,/food11/testing/0329.jpg
5,/food11/testing/1999.jpg
3,/food11/testing/2409.jpg
0,/food11/testing/2610.jpg
8,/food11/testing/1341.jpg
4,/food11/testing/2948.jpg
6,/food11/testing/1185.jpg
2,/food11/testing/1927.jpg
2,/food11/testing/0586.jpg
4,/food11/testing/0384.jpg
7,/food11/testing/2078.jpg
9,/food11/testing/0550.jpg
9,/food11/testing/2275.jpg
8,/food11/testing/2657.jpg
9,/food11/testing/2422.jpg
8,/food11/testing/2520.jpg
10,/food11/testing/1776.jpg
2,/food11/testing/1363.jpg
2,/food11/testing/0751.jpg
4,/food11/testing/2200.jpg
2,/food11/testing/1847.jpg
2,/food11/testing/2272.jpg
9,/food11/testing/0301.jpg
3,/food11/testing/1536.jpg
1,/food11/testing/1033.jpg
9,/food11/testing/0966.jpg
0,/food11/testing/1360.jpg
5,/food11/testing/0365.jpg
9,/food11/testing/0874.jpg
4,/food11/testing/2148.jpg
9,/food11/testing/2792.jpg
3,/food11/testing/1894.jpg
9,/food11/testing/2523.jpg
9,/food11/testing/1892.jpg
4,/food11/testing/1477.jpg
9,/food11/testing/2963.jpg
5,/food11/testing/0211.jpg
9,/food11/testing/3336.jpg
8,/food11/testing/1769.jpg
5,/food11/testing/1526.jpg
1,/food11/testing/3002.jpg
0,/food11/testing/1427.jpg
9,/food11/testing/1600.jpg
10,/food11/testing/0462.jpg
9,/food11/testing/0428.jpg
7,/food11/testing/1984.jpg
8,/food11/testing/1931.jpg
10,/food11/testing/0948.jpg
3,/food11/testing/2708.jpg
8,/food11/testing/2713.jpg
5,/food11/testing/1712.jpg
6,/food11/testing/1804.jpg
2,/food11/testing/2268.jpg
2,/food11/testing/2588.jpg
10,/food11/testing/1232.jpg
2,/food11/testing/2430.jpg
4,/food11/testing/2639.jpg
3,/food11/testing/0445.jpg
0,/food11/testing/2801.jpg
2,/food11/testing/2666.jpg
2,/food11/testing/0895.jpg
9,/food11/testing/0606.jpg
2,/food11/testing/1691.jpg
6,/food11/testing/2333.jpg
8,/food11/testing/2350.jpg
5,/food11/testing/3004.jpg
5,/food11/testing/0682.jpg
3,/food11/testing/0482.jpg
4,/food11/testing/2490.jpg
0,/food11/testing/0804.jpg
3,/food11/testing/1085.jpg
6,/food11/testing/2882.jpg
0,/food11/testing/1014.jpg
4,/food11/testing/2546.jpg
5,/food11/testing/2502.jpg
2,/food11/testing/1240.jpg
8,/food11/testing/2815.jpg
5,/food11/testing/3112.jpg
8,/food11/testing/2415.jpg
5,/food11/testing/1925.jpg
7,/food11/testing/0534.jpg
7,/food11/testing/2267.jpg
5,/food11/testing/2752.jpg
1,/food11/testing/2658.jpg
9,/food11/testing/1049.jpg
10,/food11/testing/2167.jpg
2,/food11/testing/1337.jpg
9,/food11/testing/2538.jpg
1,/food11/testing/1788.jpg
7,/food11/testing/1615.jpg
2,/food11/testing/1651.jpg
2,/food11/testing/2321.jpg
2,/food11/testing/3332.jpg
8,/food11/testing/0695.jpg
4,/food11/testing/2513.jpg
9,/food11/testing/1832.jpg
9,/food11/testing/3032.jpg
2,/food11/testing/3325.jpg
9,/food11/testing/1566.jpg
9,/food11/testing/1210.jpg
5,/food11/testing/1770.jpg
10,/food11/testing/2405.jpg
0,/food11/testing/0786.jpg
2,/food11/testing/0418.jpg
4,/food11/testing/1342.jpg
9,/food11/testing/1344.jpg
9,/food11/testing/0567.jpg
5,/food11/testing/0782.jpg
10,/food11/testing/2426.jpg
4,/food11/testing/2764.jpg
5,/food11/testing/0298.jpg
10,/food11/testing/1961.jpg
5,/food11/testing/0150.jpg
10,/food11/testing/3246.jpg
5,/food11/testing/0904.jpg
3,/food11/testing/3089.jpg
7,/food11/testing/2455.jpg
2,/food11/testing/2568.jpg
0,/food11/testing/0980.jpg
10,/food11/testing/3241.jpg
2,/food11/testing/0030.jpg
9,/food11/testing/3013.jpg
8,/food11/testing/0652.jpg
2,/food11/testing/2163.jpg
10,/food11/testing/1213.jpg
0,/food11/testing/0698.jpg
5,/food11/testing/0593.jpg
3,/food11/testing/2399.jpg
8,/food11/testing/1258.jpg
4,/food11/testing/1761.jpg
2,/food11/testing/1255.jpg
9,/food11/testing/3212.jpg
2,/food11/testing/2366.jpg
6,/food11/testing/0712.jpg
5,/food11/testing/3102.jpg
9,/food11/testing/1831.jpg
5,/food11/testing/1802.jpg
2,/food11/testing/2943.jpg
4,/food11/testing/1375.jpg
4,/food11/testing/0189.jpg
9,/food11/testing/1116.jpg
4,/food11/testing/0847.jpg
3,/food11/testing/1311.jpg
3,/food11/testing/1902.jpg
5,/food11/testing/1461.jpg
0,/food11/testing/2623.jpg
2,/food11/testing/3093.jpg
9,/food11/testing/3115.jpg
0,/food11/testing/0085.jpg
4,/food11/testing/2061.jpg
2,/food11/testing/0690.jpg
1,/food11/testing/1177.jpg
2,/food11/testing/0686.jpg
9,/food11/testing/2281.jpg
3,/food11/testing/1159.jpg
2,/food11/testing/1817.jpg
3,/food11/testing/0833.jpg
8,/food11/testing/3343.jpg
10,/food11/testing/1591.jpg
0,/food11/testing/0852.jpg
2,/food11/testing/1001.jpg
0,/food11/testing/0123.jpg
2,/food11/testing/2892.jpg
2,/food11/testing/0540.jpg
3,/food11/testing/2619.jpg
9,/food11/testing/2648.jpg
3,/food11/testing/0730.jpg
10,/food11/testing/2384.jpg
4,/food11/testing/1941.jpg
5,/food11/testing/3139.jpg
9,/food11/testing/2229.jpg
2,/food11/testing/1939.jpg
1,/food11/testing/2080.jpg
8,/food11/testing/3183.jpg
4,/food11/testing/1316.jpg
10,/food11/testing/2550.jpg
9,/food11/testing/0983.jpg
6,/food11/testing/3067.jpg
2,/food11/testing/2402.jpg
10,/food11/testing/1030.jpg
0,/food11/testing/3008.jpg
2,/food11/testing/2826.jpg
9,/food11/testing/1546.jpg
2,/food11/testing/2618.jpg
3,/food11/testing/1766.jpg
5,/food11/testing/0488.jpg
0,/food11/testing/2022.jpg
10,/food11/testing/1922.jpg
4,/food11/testing/1008.jpg
0,/food11/testing/0385.jpg
10,/food11/testing/2032.jpg
2,/food11/testing/2082.jpg
0,/food11/testing/2368.jpg
1,/food11/testing/0051.jpg
10,/food11/testing/1020.jpg
2,/food11/testing/0704.jpg
8,/food11/testing/3076.jpg
0,/food11/testing/1956.jpg
0,/food11/testing/1726.jpg
9,/food11/testing/3216.jpg
10,/food11/testing/1952.jpg
4,/food11/testing/0715.jpg
3,/food11/testing/1753.jpg
0,/food11/testing/3156.jpg
0,/food11/testing/3277.jpg
4,/food11/testing/0898.jpg
10,/food11/testing/1277.jpg
3,/food11/testing/2540.jpg
3,/food11/testing/1275.jpg
6,/food11/testing/2819.jpg
3,/food11/testing/2581.jpg
8,/food11/testing/1245.jpg
10,/food11/testing/1910.jpg
4,/food11/testing/1464.jpg
3,/food11/testing/0676.jpg
0,/food11/testing/1830.jpg
2,/food11/testing/2687.jpg
5,/food11/testing/1699.jpg
4,/food11/testing/0360.jpg
0,/food11/testing/1723.jpg
3,/food11/testing/0336.jpg
5,/food11/testing/0880.jpg
1,/food11/testing/2223.jpg
5,/food11/testing/0753.jpg
9,/food11/testing/2971.jpg
4,/food11/testing/2961.jpg
9,/food11/testing/0427.jpg
9,/food11/testing/1943.jpg
2,/food11/testing/1785.jpg
4,/food11/testing/2906.jpg
6,/food11/testing/3234.jpg
9,/food11/testing/2316.jpg
8,/food11/testing/2290.jpg
8,/food11/testing/3034.jpg
2,/food11/testing/0090.jpg
9,/food11/testing/1628.jpg
3,/food11/testing/1877.jpg
2,/food11/testing/2050.jpg
3,/food11/testing/2009.jpg
0,/food11/testing/0283.jpg
10,/food11/testing/2806.jpg
2,/food11/testing/1188.jpg
2,/food11/testing/0231.jpg
2,/food11/testing/0960.jpg
0,/food11/testing/3190.jpg
5,/food11/testing/1438.jpg
8,/food11/testing/1623.jpg
3,/food11/testing/0896.jpg
4,/food11/testing/2356.jpg
2,/food11/testing/2463.jpg
2,/food11/testing/1850.jpg
3,/food11/testing/1635.jpg
5,/food11/testing/0420.jpg
3,/food11/testing/3224.jpg
3,/food11/testing/0138.jpg
5,/food11/testing/2638.jpg
0,/food11/testing/1560.jpg
3,/food11/testing/1657.jpg
5,/food11/testing/1899.jpg
3,/food11/testing/2950.jpg
2,/food11/testing/0574.jpg
9,/food11/testing/3092.jpg
2,/food11/testing/0464.jpg
9,/food11/testing/1915.jpg
2,/food11/testing/0975.jpg
8,/food11/testing/2935.jpg
9,/food11/testing/1073.jpg
0,/food11/testing/1231.jpg
2,/food11/testing/1858.jpg
5,/food11/testing/3163.jpg
3,/food11/testing/0343.jpg
0,/food11/testing/1419.jpg
2,/food11/testing/1437.jpg
8,/food11/testing/2076.jpg
0,/food11/testing/2367.jpg
4,/food11/testing/2336.jpg
5,/food11/testing/3258.jpg
5,/food11/testing/1506.jpg
2,/food11/testing/1568.jpg
9,/food11/testing/1476.jpg
5,/food11/testing/3079.jpg
9,/food11/testing/3346.jpg
2,/food11/testing/0453.jpg
2,/food11/testing/1306.jpg
5,/food11/testing/2072.jpg
5,/food11/testing/2919.jpg
3,/food11/testing/2598.jpg
2,/food11/testing/0212.jpg
5,/food11/testing/0657.jpg
4,/food11/testing/1524.jpg
6,/food11/testing/2371.jpg
5,/food11/testing/3326.jpg
8,/food11/testing/3124.jpg
2,/food11/testing/0286.jpg
2,/food11/testing/2154.jpg
7,/food11/testing/1365.jpg
9,/food11/testing/0399.jpg
9,/food11/testing/1113.jpg
5,/food11/testing/1356.jpg
2,/food11/testing/0317.jpg
6,/food11/testing/0957.jpg
10,/food11/testing/0248.jpg
5,/food11/testing/0342.jpg
0,/food11/testing/2480.jpg
9,/food11/testing/2604.jpg
9,/food11/testing/0016.jpg
9,/food11/testing/1403.jpg
10,/food11/testing/1500.jpg
9,/food11/testing/1199.jpg
5,/food11/testing/0225.jpg
10,/food11/testing/1176.jpg
9,/food11/testing/0156.jpg
8,/food11/testing/2254.jpg
8,/food11/testing/3232.jpg
0,/food11/testing/1775.jpg
6,/food11/testing/0084.jpg
5,/food11/testing/0693.jpg
3,/food11/testing/0374.jpg
2,/food11/testing/0635.jpg
2,/food11/testing/2315.jpg
10,/food11/testing/2084.jpg
4,/food11/testing/0401.jpg
0,/food11/testing/2930.jpg
8,/food11/testing/3254.jpg
2,/food11/testing/1519.jpg
7,/food11/testing/2489.jpg
8,/food11/testing/0658.jpg
8,/food11/testing/1704.jpg
9,/food11/testing/0851.jpg
5,/food11/testing/2569.jpg
10,/food11/testing/1921.jpg
8,/food11/testing/0167.jpg
9,/food11/testing/2246.jpg
9,/food11/testing/2438.jpg
6,/food11/testing/2369.jpg
4,/food11/testing/0779.jpg
4,/food11/testing/0124.jpg
2,/food11/testing/1429.jpg
9,/food11/testing/2439.jpg
3,/food11/testing/0229.jpg
0,/food11/testing/0190.jpg
3,/food11/testing/2924.jpg
7,/food11/testing/0223.jpg
3,/food11/testing/1957.jpg
5,/food11/testing/3048.jpg
10,/food11/testing/0358.jpg
3,/food11/testing/0382.jpg
0,/food11/testing/0197.jpg
5,/food11/testing/2865.jpg
9,/food11/testing/2946.jpg
2,/food11/testing/3087.jpg
4,/food11/testing/2507.jpg
9,/food11/testing/0487.jpg
7,/food11/testing/0467.jpg
3,/food11/testing/1441.jpg
3,/food11/testing/1720.jpg
9,/food11/testing/2083.jpg
10,/food11/testing/0038.jpg
2,/food11/testing/0325.jpg
0,/food11/testing/1253.jpg
6,/food11/testing/3020.jpg
7,/food11/testing/0744.jpg
3,/food11/testing/2781.jpg
5,/food11/testing/2593.jpg
9,/food11/testing/0319.jpg
0,/food11/testing/0344.jpg
2,/food11/testing/2802.jpg
9,/food11/testing/0924.jpg
10,/food11/testing/0549.jpg
2,/food11/testing/2519.jpg
5,/food11/testing/2776.jpg
0,/food11/testing/0122.jpg
10,/food11/testing/1444.jpg
10,/food11/testing/0339.jpg
0,/food11/testing/1852.jpg
4,/food11/testing/3132.jpg
1,/food11/testing/0985.jpg
9,/food11/testing/1456.jpg
9,/food11/testing/2122.jpg
3,/food11/testing/1653.jpg
6,/food11/testing/1193.jpg
9,/food11/testing/3171.jpg
9,/food11/testing/1806.jpg
5,/food11/testing/0893.jpg
5,/food11/testing/1065.jpg
0,/food11/testing/2818.jpg
8,/food11/testing/0902.jpg
6,/food11/testing/1609.jpg
2,/food11/testing/0797.jpg
8,/food11/testing/1739.jpg
2,/food11/testing/2381.jpg
0,/food11/testing/2106.jpg
5,/food11/testing/2493.jpg
3,/food11/testing/2945.jpg
10,/food11/testing/1977.jpg
10,/food11/testing/1530.jpg
9,/food11/testing/2583.jpg
4,/food11/testing/1246.jpg
2,/food11/testing/3309.jpg
6,/food11/testing/2617.jpg
0,/food11/testing/0531.jpg
0,/food11/testing/0707.jpg
8,/food11/testing/2358.jpg
9,/food11/testing/2007.jpg
3,/food11/testing/1115.jpg
2,/food11/testing/2206.jpg
9,/food11/testing/2855.jpg
8,/food11/testing/1377.jpg
0,/food11/testing/1284.jpg
1,/food11/testing/2926.jpg
10,/food11/testing/1965.jpg
8,/food11/testing/2729.jpg
2,/food11/testing/2647.jpg
4,/food11/testing/1602.jpg
2,/food11/testing/2916.jpg
6,/food11/testing/1357.jpg
9,/food11/testing/2577.jpg
4,/food11/testing/0263.jpg
8,/food11/testing/2956.jpg
3,/food11/testing/0275.jpg
3,/food11/testing/2069.jpg
2,/food11/testing/2765.jpg
5,/food11/testing/0836.jpg
4,/food11/testing/2498.jpg
3,/food11/testing/2875.jpg
0,/food11/testing/2904.jpg
3,/food11/testing/2359.jpg
2,/food11/testing/2124.jpg
2,/food11/testing/1537.jpg
2,/food11/testing/1226.jpg
10,/food11/testing/2062.jpg
8,/food11/testing/1864.jpg
4,/food11/testing/1811.jpg
4,/food11/testing/0565.jpg
3,/food11/testing/2355.jpg
0,/food11/testing/0389.jpg
4,/food11/testing/1179.jpg
10,/food11/testing/0615.jpg
7,/food11/testing/1757.jpg
0,/food11/testing/2045.jpg
2,/food11/testing/3170.jpg
6,/food11/testing/0629.jpg
2,/food11/testing/1333.jpg
10,/food11/testing/0007.jpg
9,/food11/testing/2989.jpg
3,/food11/testing/1120.jpg
10,/food11/testing/2768.jpg
2,/food11/testing/2665.jpg
8,/food11/testing/2432.jpg
4,/food11/testing/1276.jpg
3,/food11/testing/2147.jpg
4,/food11/testing/0504.jpg
0,/food11/testing/0180.jpg
5,/food11/testing/2398.jpg
0,/food11/testing/1741.jpg
10,/food11/testing/0437.jpg
3,/food11/testing/0288.jpg
6,/food11/testing/2452.jpg
9,/food11/testing/1229.jpg
5,/food11/testing/0036.jpg
9,/food11/testing/1052.jpg
10,/food11/testing/3081.jpg
2,/food11/testing/1553.jpg
0,/food11/testing/3061.jpg
2,/food11/testing/1338.jpg
4,/food11/testing/2870.jpg
3,/food11/testing/1114.jpg
4,/food11/testing/1641.jpg
2,/food11/testing/2484.jpg
1,/food11/testing/3211.jpg
8,/food11/testing/1317.jpg
5,/food11/testing/1525.jpg
9,/food11/testing/0758.jpg
8,/food11/testing/0749.jpg
9,/food11/testing/3055.jpg
9,/food11/testing/0129.jpg
2,/food11/testing/2090.jpg
0,/food11/testing/3100.jpg
2,/food11/testing/1509.jpg
9,/food11/testing/0937.jpg
5,/food11/testing/2446.jpg
5,/food11/testing/1969.jpg
5,/food11/testing/2287.jpg
2,/food11/testing/2015.jpg
3,/food11/testing/0039.jpg
5,/food11/testing/0962.jpg
8,/food11/testing/2467.jpg
2,/food11/testing/2053.jpg
0,/food11/testing/1768.jpg
2,/food11/testing/0881.jpg
4,/food11/testing/2383.jpg
5,/food11/testing/2215.jpg
9,/food11/testing/1111.jpg
0,/food11/testing/0667.jpg
0,/food11/testing/0669.jpg
0,/food11/testing/0297.jpg
10,/food11/testing/1516.jpg
5,/food11/testing/0589.jpg
3,/food11/testing/1195.jpg
2,/food11/testing/0824.jpg
3,/food11/testing/1752.jpg
9,/food11/testing/0108.jpg
3,/food11/testing/1633.jpg
2,/food11/testing/2337.jpg
0,/food11/testing/0236.jpg
2,/food11/testing/1891.jpg
8,/food11/testing/0747.jpg
2,/food11/testing/3152.jpg
9,/food11/testing/3159.jpg
8,/food11/testing/1367.jpg
9,/food11/testing/0701.jpg
8,/food11/testing/0576.jpg
2,/food11/testing/2494.jpg
8,/food11/testing/2525.jpg
5,/food11/testing/1334.jpg
9,/food11/testing/0709.jpg
10,/food11/testing/2805.jpg
5,/food11/testing/3069.jpg
7,/food11/testing/3290.jpg
4,/food11/testing/2025.jpg
4,/food11/testing/0587.jpg
9,/food11/testing/1732.jpg
0,/food11/testing/2669.jpg
2,/food11/testing/2250.jpg
5,/food11/testing/1966.jpg
2,/food11/testing/1285.jpg
2,/food11/testing/1866.jpg
7,/food11/testing/2052.jpg
0,/food11/testing/0378.jpg
9,/food11/testing/0570.jpg
0,/food11/testing/0291.jpg
0,/food11/testing/2706.jpg
3,/food11/testing/0234.jpg
5,/food11/testing/0408.jpg
2,/food11/testing/2370.jpg
9,/food11/testing/2968.jpg
1,/food11/testing/1576.jpg
5,/food11/testing/1220.jpg
8,/food11/testing/0803.jpg
3,/food11/testing/0659.jpg
1,/food11/testing/2786.jpg
2,/food11/testing/3324.jpg
6,/food11/testing/2303.jpg
9,/food11/testing/2049.jpg
8,/food11/testing/2115.jpg
7,/food11/testing/0976.jpg
8,/food11/testing/1989.jpg
9,/food11/testing/2750.jpg
3,/food11/testing/1513.jpg
9,/food11/testing/1945.jpg
4,/food11/testing/2354.jpg
3,/food11/testing/1835.jpg
9,/food11/testing/0400.jpg
0,/food11/testing/3133.jpg
0,/food11/testing/2841.jpg
0,/food11/testing/1542.jpg
0,/food11/testing/2679.jpg
9,/food11/testing/0909.jpg
5,/food11/testing/2328.jpg
6,/food11/testing/1552.jpg
0,/food11/testing/0631.jpg
10,/food11/testing/0406.jpg
10,/food11/testing/2856.jpg
9,/food11/testing/1617.jpg
3,/food11/testing/1248.jpg
3,/food11/testing/0412.jpg
4,/food11/testing/0827.jpg
6,/food11/testing/1005.jpg
5,/food11/testing/0425.jpg
5,/food11/testing/0892.jpg
1,/food11/testing/1908.jpg
0,/food11/testing/2044.jpg
5,/food11/testing/2410.jpg
2,/food11/testing/2739.jpg
5,/food11/testing/0274.jpg
9,/food11/testing/0800.jpg
2,/food11/testing/0335.jpg
8,/food11/testing/2105.jpg
4,/food11/testing/1659.jpg
9,/food11/testing/3155.jpg
5,/food11/testing/1587.jpg
6,/food11/testing/1953.jpg
10,/food11/testing/0720.jpg
2,/food11/testing/1394.jpg
2,/food11/testing/3168.jpg
8,/food11/testing/1452.jpg
5,/food11/testing/1442.jpg
9,/food11/testing/2301.jpg
5,/food11/testing/2203.jpg
9,/food11/testing/0281.jpg
0,/food11/testing/0206.jpg
5,/food11/testing/2158.jpg
5,/food11/testing/2004.jpg
10,/food11/testing/0284.jpg
5,/food11/testing/0101.jpg
10,/food11/testing/0759.jpg
4,/food11/testing/2545.jpg
9,/food11/testing/1693.jpg
10,/food11/testing/1147.jpg
0,/food11/testing/3230.jpg
5,/food11/testing/0245.jpg
2,/food11/testing/1184.jpg
8,/food11/testing/2248.jpg
0,/food11/testing/0469.jpg
0,/food11/testing/0210.jpg
2,/food11/testing/3071.jpg
10,/food11/testing/1390.jpg
8,/food11/testing/1647.jpg
2,/food11/testing/1046.jpg
4,/food11/testing/2121.jpg
0,/food11/testing/2685.jpg
4,/food11/testing/1264.jpg
0,/food11/testing/1869.jpg
5,/food11/testing/2757.jpg
8,/food11/testing/3197.jpg
8,/food11/testing/1652.jpg
5,/food11/testing/1407.jpg
0,/food11/testing/1937.jpg
2,/food11/testing/1643.jpg
10,/food11/testing/2549.jpg
9,/food11/testing/1973.jpg
9,/food11/testing/3272.jpg
1,/food11/testing/0483.jpg
0,/food11/testing/0572.jpg
9,/food11/testing/2994.jpg
3,/food11/testing/2544.jpg
5,/food11/testing/2192.jpg
0,/food11/testing/2390.jpg
6,/food11/testing/3178.jpg
0,/food11/testing/0239.jpg
0,/food11/testing/0448.jpg
2,/food11/testing/2879.jpg
0,/food11/testing/2220.jpg
2,/food11/testing/0186.jpg
5,/food11/testing/1143.jpg
2,/food11/testing/1230.jpg
2,/food11/testing/1425.jpg
2,/food11/testing/1578.jpg
5,/food11/testing/1717.jpg
6,/food11/testing/1227.jpg
6,/food11/testing/1321.jpg
10,/food11/testing/0757.jpg
4,/food11/testing/1747.jpg
1,/food11/testing/1662.jpg
2,/food11/testing/2572.jpg
4,/food11/testing/2074.jpg
9,/food11/testing/1467.jpg
6,/food11/testing/2234.jpg
5,/food11/testing/2173.jpg
0,/food11/testing/2260.jpg
3,/food11/testing/0330.jpg
8,/food11/testing/1594.jpg
8,/food11/testing/3314.jpg
4,/food11/testing/2179.jpg
9,/food11/testing/1681.jpg
9,/food11/testing/1504.jpg
9,/food11/testing/2524.jpg
8,/food11/testing/0202.jpg
8,/food11/testing/2345.jpg
2,/food11/testing/2205.jpg
8,/food11/testing/0272.jpg
1,/food11/testing/3210.jpg
0,/food11/testing/0858.jpg
3,/food11/testing/1841.jpg
7,/food11/testing/2566.jpg
9,/food11/testing/1612.jpg
10,/food11/testing/1689.jpg
5,/food11/testing/0096.jpg
3,/food11/testing/0168.jpg
8,/food11/testing/1204.jpg
2,/food11/testing/0772.jpg
9,/food11/testing/0024.jpg
2,/food11/testing/3056.jpg
10,/food11/testing/3042.jpg
5,/food11/testing/1057.jpg
3,/food11/testing/1322.jpg
5,/food11/testing/2504.jpg
8,/food11/testing/2299.jpg
2,/food11/testing/3307.jpg
8,/food11/testing/0627.jpg
2,/food11/testing/3237.jpg
9,/food11/testing/3154.jpg
9,/food11/testing/2586.jpg
5,/food11/testing/3022.jpg
8,/food11/testing/3187.jpg
1,/food11/testing/2180.jpg
9,/food11/testing/2197.jpg
4,/food11/testing/0115.jpg
7,/food11/testing/2686.jpg
2,/food11/testing/0612.jpg
9,/food11/testing/1265.jpg
5,/food11/testing/0726.jpg
2,/food11/testing/0968.jpg
4,/food11/testing/2188.jpg
0,/food11/testing/2263.jpg
2,/food11/testing/1165.jpg
8,/food11/testing/3126.jpg
4,/food11/testing/0086.jpg
8,/food11/testing/1379.jpg
2,/food11/testing/1581.jpg
8,/food11/testing/0776.jpg
10,/food11/testing/2682.jpg
2,/food11/testing/1521.jpg
5,/food11/testing/3150.jpg
2,/food11/testing/2320.jpg
7,/food11/testing/1970.jpg
4,/food11/testing/0513.jpg
1,/food11/testing/1090.jpg
4,/food11/testing/0766.jpg
2,/food11/testing/1358.jpg
10,/food11/testing/1061.jpg
5,/food11/testing/1994.jpg
10,/food11/testing/0357.jpg
2,/food11/testing/2313.jpg
9,/food11/testing/1323.jpg
3,/food11/testing/0560.jpg
2,/food11/testing/3206.jpg
2,/food11/testing/3315.jpg
3,/food11/testing/1906.jpg
8,/food11/testing/1445.jpg
2,/food11/testing/2788.jpg
9,/food11/testing/1155.jpg
4,/food11/testing/1016.jpg
8,/food11/testing/0170.jpg
2,/food11/testing/2772.jpg
9,/food11/testing/0200.jpg
3,/food11/testing/1883.jpg
3,/food11/testing/3174.jpg
4,/food11/testing/2026.jpg
4,/food11/testing/2198.jpg
9,/food11/testing/1698.jpg
4,/food11/testing/0371.jpg
10,/food11/testing/1149.jpg
8,/food11/testing/1135.jpg
9,/food11/testing/1399.jpg
3,/food11/testing/3070.jpg
7,/food11/testing/2088.jpg
5,/food11/testing/1283.jpg
0,/food11/testing/3340.jpg
2,/food11/testing/0494.jpg
1,/food11/testing/0764.jpg
2,/food11/testing/0443.jpg
5,/food11/testing/2322.jpg
0,/food11/testing/0752.jpg
9,/food11/testing/3137.jpg
5,/food11/testing/1851.jpg
7,/food11/testing/0906.jpg
0,/food11/testing/2832.jpg
3,/food11/testing/0609.jpg
6,/food11/testing/3031.jpg
0,/food11/testing/1923.jpg
9,/food11/testing/1021.jpg
9,/food11/testing/0526.jpg
10,/food11/testing/1015.jpg
0,/food11/testing/1538.jpg
10,/food11/testing/1252.jpg
2,/food11/testing/1861.jpg
8,/food11/testing/1849.jpg
0,/food11/testing/2212.jpg
0,/food11/testing/2461.jpg
2,/food11/testing/0843.jpg
4,/food11/testing/1236.jpg
10,/food11/testing/0001.jpg
9,/food11/testing/2151.jpg
9,/food11/testing/1976.jpg
9,/food11/testing/1515.jpg
3,/food11/testing/1141.jpg
9,/food11/testing/2861.jpg
0,/food11/testing/0870.jpg
0,/food11/testing/2769.jpg
7,/food11/testing/0492.jpg
9,/food11/testing/2710.jpg
3,/food11/testing/2092.jpg
2,/food11/testing/0176.jpg
3,/food11/testing/0391.jpg
9,/food11/testing/0556.jpg
0,/food11/testing/2884.jpg
2,/food11/testing/2969.jpg
0,/food11/testing/1903.jpg
0,/food11/testing/2689.jpg
8,/food11/testing/0788.jpg
6,/food11/testing/2607.jpg
5,/food11/testing/2691.jpg
8,/food11/testing/3267.jpg
0,/food11/testing/1201.jpg
5,/food11/testing/3120.jpg
2,/food11/testing/2867.jpg
4,/food11/testing/1801.jpg
9,/food11/testing/0269.jpg
2,/food11/testing/3000.jpg
4,/food11/testing/1979.jpg
10,/food11/testing/3059.jpg
5,/food11/testing/2085.jpg
1,/food11/testing/1656.jpg
0,/food11/testing/2599.jpg
